time_s,stamp_s,linear_x,angular_z,left_rad_s_unclamped,right_rad_s_unclamped,left_rad_s,right_rad_s
12.847401629,1790241592.370154,0.4,0.0,5.555555555555556,5.555555555555556,5.0,5.0
13.381569969000001,1790241592.9042869,0.4,0.0,5.555555555555556,5.555555555555556,5.0,5.0
13.832142172000001,1790241593.354905,-0.4,0.0,-5.555555555555556,-5.555555555555556,-5.0,-5.0
14.360776804,1790241593.8836372,-0.4,0.0,-5.555555555555556,-5.555555555555556,-5.0,-5.0
14.67427793,1790241594.1970747,-0.4,0.0,-5.555555555555556,-5.555555555555556,-5.0,-5.0
15.19560333,1790241594.7182739,-0.4,0.0,-5.555555555555556,-5.555555555555556,-5.0,-5.0
15.26690205,1790241594.7895584,-0.4,0.0,-5.555555555555556,-5.555555555555556,-5.0,-5.0
15.334542221000001,1790241594.8573308,-0.4,0.0,-5.555555555555556,-5.555555555555556,-5.0,-5.0
15.421071228,1790241594.9437532,-0.4,0.0,-5.555555555555556,-5.555555555555556,-5.0,-5.0
15.509100707000002,1790241595.031879,-0.4,0.0,-5.555555555555556,-5.555555555555556,-5.0,-5.0
15.631054047000001,1790241595.153811,-0.4,0.0,-5.555555555555556,-5.555555555555556,-5.0,-5.0
15.67004198,1790241595.1928697,-0.4,0.0,-5.555555555555556,-5.555555555555556,-5.0,-5.0
15.771853254000002,1790241595.294593,-0.4,0.0,-5.555555555555556,-5.555555555555556,-5.0,-5.0
15.841503481,1790241595.3641703,-0.4,0.0,-5.555555555555556,-5.555555555555556,-5.0,-5.0
15.984101910000001,1790241595.5068038,-0.4,0.0,-5.555555555555556,-5.555555555555556,-5.0,-5.0
16.502061886,1790241596.0247636,-0.4,0.0,-5.555555555555556,-5.555555555555556,-5.0,-5.0
16.551371557,1790241596.0741882,-0.4,0.0,-5.555555555555556,-5.555555555555556,-5.0,-5.0
16.681365067,1790241596.204082,-0.4,0.0,-5.555555555555556,-5.555555555555556,-5.0,-5.0
16.739529805,1790241596.2621894,-0.4,0.0,-5.555555555555556,-5.555555555555556,-5.0,-5.0
16.809511804,1790241596.3323002,-0.4,0.0,-5.555555555555556,-5.555555555555556,-5.0,-5.0
16.900939049,1790241596.4236827,-0.4,0.0,-5.555555555555556,-5.555555555555556,-5.0,-5.0
16.995302288,1790241596.518047,-0.4,0.0,-5.555555555555556,-5.555555555555556,-5.0,-5.0
17.070527942000002,1790241596.5932548,-0.4,0.0,-5.555555555555556,-5.555555555555556,-5.0,-5.0
17.204978075,1790241596.72773,-0.4,0.0,-5.555555555555556,-5.555555555555556,-5.0,-5.0
17.226002122,1790241596.7487543,-0.4,0.0,-5.555555555555556,-5.555555555555556,-5.0,-5.0
17.317020929,1790241596.8397448,-0.4,0.0,-5.555555555555556,-5.555555555555556,-5.0,-5.0
17.404838219000002,1790241596.9276378,-0.4,0.0,-5.555555555555556,-5.555555555555556,-5.0,-5.0
17.471525055,1790241596.99425,-0.4,0.0,-5.555555555555556,-5.555555555555556,-5.0,-5.0
17.566966318000002,1790241597.0896146,-0.4,0.0,-5.555555555555556,-5.555555555555556,-5.0,-5.0
17.635749408000002,1790241597.1584537,-0.4,0.0,-5.555555555555556,-5.555555555555556,-5.0,-5.0
17.738731048000002,1790241597.261418,-0.4,0.0,-5.555555555555556,-5.555555555555556,-5.0,-5.0
17.805168352000003,1790241597.3279018,-0.4,0.0,-5.555555555555556,-5.555555555555556,-5.0,-5.0
17.900331541,1790241597.4230144,-0.4,0.0,-5.555555555555556,-5.555555555555556,-5.0,-5.0
17.991625035000002,1790241597.514274,-0.4,0.0,-5.555555555555556,-5.555555555555556,-5.0,-5.0
18.058304788,1790241597.5809617,-0.4,0.0,-5.555555555555556,-5.555555555555556,-5.0,-5.0
18.153717352,1790241597.6764684,-0.4,0.0,-5.555555555555556,-5.555555555555556,-5.0,-5.0
18.254792427,1790241597.7776105,-0.4,0.0,-5.555555555555556,-5.555555555555556,-5.0,-5.0
18.328399952,1790241597.8511348,-0.4,0.0,-5.555555555555556,-5.555555555555556,-5.0,-5.0
18.401462321,1790241597.9241405,-0.4,0.0,-5.555555555555556,-5.555555555555556,-5.0,-5.0
18.490798051000002,1790241598.0135367,-0.4,0.0,-5.555555555555556,-5.555555555555556,-5.0,-5.0
18.558299681,1790241598.0810678,-0.4,0.0,-5.555555555555556,-5.555555555555556,-5.0,-5.0
18.645228896000003,1790241598.1679215,-0.4,0.0,-5.555555555555556,-5.555555555555556,-5.0,-5.0
18.777682932,1790241598.3003547,-0.4,0.0,-5.555555555555556,-5.555555555555556,-5.0,-5.0
18.830517296,1790241598.3531995,-0.4,0.0,-5.555555555555556,-5.555555555555556,-5.0,-5.0
18.899202521,1790241598.4218645,-0.4,0.0,-5.555555555555556,-5.555555555555556,-5.0,-5.0
18.990155494,1790241598.5128894,-0.4,0.0,-5.555555555555556,-5.555555555555556,-5.0,-5.0
19.083466856,1790241598.6061127,-0.4,0.0,-5.555555555555556,-5.555555555555556,-5.0,-5.0
19.157596102000003,1790241598.680347,-0.4,0.0,-5.555555555555556,-5.555555555555556,-5.0,-5.0
19.827307282,1790241599.3499613,-0.4,0.0,-5.555555555555556,-5.555555555555556,-5.0,-5.0
20.349200546000002,1790241599.8719447,-0.4,0.0,-5.555555555555556,-5.555555555555556,-5.0,-5.0
20.411335863,1790241599.9341385,-0.4,0.0,-5.555555555555556,-5.555555555555556,-5.0,-5.0
20.502252951000003,1790241600.0249498,-0.4,0.0,-5.555555555555556,-5.555555555555556,-5.0,-5.0
20.598856506,1790241600.1215386,-0.4,0.0,-5.555555555555556,-5.555555555555556,-5.0,-5.0
20.670496841000002,1790241600.1932235,-0.4,0.0,-5.555555555555556,-5.555555555555556,-5.0,-5.0
20.761383355,1790241600.2841265,-0.4,0.0,-5.555555555555556,-5.555555555555556,-5.0,-5.0
20.876621735,1790241600.399362,-0.4,0.0,-5.555555555555556,-5.555555555555556,-5.0,-5.0
20.922016555000003,1790241600.4448326,-0.4,0.0,-5.555555555555556,-5.555555555555556,-5.0,-5.0
21.017264743000002,1790241600.5401044,-0.4,0.0,-5.555555555555556,-5.555555555555556,-5.0,-5.0
21.082950484,1790241600.605635,-0.4,0.0,-5.555555555555556,-5.555555555555556,-5.0,-5.0
21.175940648,1790241600.698601,-0.4,0.0,-5.555555555555556,-5.555555555555556,-5.0,-5.0
21.250517602000002,1790241600.7732933,-0.4,0.0,-5.555555555555556,-5.555555555555556,-5.0,-5.0
21.399298437000002,1790241600.9220028,-0.4,0.0,-5.555555555555556,-5.555555555555556,-5.0,-5.0
21.436171262000002,1790241600.958851,-0.4,0.0,-5.555555555555556,-5.555555555555556,-5.0,-5.0
23.282396856000002,1790241602.8050892,0.0,1.0,-1.527777777777778,1.527777777777778,-1.527777777777778,1.527777777777778
23.787273474000003,1790241603.3099368,0.0,1.0,-1.527777777777778,1.527777777777778,-1.527777777777778,1.527777777777778
24.020282008000002,1790241603.542932,0.4,0.0,5.555555555555556,5.555555555555556,5.0,5.0
24.54327246,1790241604.065933,0.4,0.0,5.555555555555556,5.555555555555556,5.0,5.0
24.58806259,1790241604.1106837,0.4,0.0,5.555555555555556,5.555555555555556,5.0,5.0
24.677116237,1790241604.1998024,0.4,0.0,5.555555555555556,5.555555555555556,5.0,5.0
25.284788451,1790241604.8075533,-0.4,0.0,-5.555555555555556,-5.555555555555556,-5.0,-5.0
27.518859929,1790241607.041633,0.0,-1.0,1.527777777777778,-1.527777777777778,1.527777777777778,-1.527777777777778
28.508564011,1790241608.031306,0.0,-1.0,1.527777777777778,-1.527777777777778,1.527777777777778,-1.527777777777778
28.780513707,1790241608.3031693,0.4,0.0,5.555555555555556,5.555555555555556,5.0,5.0
29.303972907000002,1790241608.826633,0.4,0.0,5.555555555555556,5.555555555555556,5.0,5.0
29.392871188,1790241608.9156206,0.4,0.0,5.555555555555556,5.555555555555556,5.0,5.0
29.463412979,1790241608.9861622,0.4,0.0,5.555555555555556,5.555555555555556,5.0,5.0
29.556984705,1790241609.0797157,0.4,0.0,5.555555555555556,5.555555555555556,5.0,5.0
29.625881389000003,1790241609.1487463,0.4,0.0,5.555555555555556,5.555555555555556,5.0,5.0
29.787293651000002,1790241609.3099482,0.4,0.0,5.555555555555556,5.555555555555556,5.0,5.0
29.799615496,1790241609.3223805,0.4,0.0,5.555555555555556,5.555555555555556,5.0,5.0
29.888085078000003,1790241609.4108443,0.4,0.0,5.555555555555556,5.555555555555556,5.0,5.0
29.976235910000003,1790241609.4989014,0.4,0.0,5.555555555555556,5.555555555555556,5.0,5.0
30.045507437,1790241609.5683446,0.4,0.0,5.555555555555556,5.555555555555556,5.0,5.0
30.215952945,1790241609.738812,0.0,-1.0,1.527777777777778,-1.527777777777778,1.527777777777778,-1.527777777777778
30.387842153,1790241609.910525,-0.4,0.0,-5.555555555555556,-5.555555555555556,-5.0,-5.0
33.192903373,1790241612.7155519,0.0,-1.0,1.527777777777778,-1.527777777777778,1.527777777777778,-1.527777777777778
33.458428526,1790241612.9811118,0.0,-1.0,1.527777777777778,-1.527777777777778,1.527777777777778,-1.527777777777778
33.708330526000005,1790241613.2311196,0.0,-1.0,1.527777777777778,-1.527777777777778,1.527777777777778,-1.527777777777778
33.982418298,1790241613.5050502,0.0,-1.0,1.527777777777778,-1.527777777777778,1.527777777777778,-1.527777777777778
34.540494848,1790241614.0631607,0.4,0.0,5.555555555555556,5.555555555555556,5.0,5.0
35.040463744,1790241614.563112,0.4,0.0,5.555555555555556,5.555555555555556,5.0,5.0
35.152519878,1790241614.6752737,0.4,0.0,5.555555555555556,5.555555555555556,5.0,5.0
35.194099013,1790241614.7168918,0.4,0.0,5.555555555555556,5.555555555555556,5.0,5.0
35.733840271000005,1790241615.2566173,-0.4,0.0,-5.555555555555556,-5.555555555555556,-5.0,-5.0
36.244074757,1790241615.7667534,-0.4,0.0,-5.555555555555556,-5.555555555555556,-5.0,-5.0
43.290776810000004,1790241622.813561,0.4,0.0,5.555555555555556,5.555555555555556,5.0,5.0
43.520312002000004,1790241623.0430675,0.0,-1.0,1.527777777777778,-1.527777777777778,1.527777777777778,-1.527777777777778
44.056093770000004,1790241623.5788207,0.0,-1.0,1.527777777777778,-1.527777777777778,1.527777777777778,-1.527777777777778
44.104709323,1790241623.6273592,0.0,-1.0,1.527777777777778,-1.527777777777778,1.527777777777778,-1.527777777777778
44.206893356,1790241623.7297108,0.0,-1.0,1.527777777777778,-1.527777777777778,1.527777777777778,-1.527777777777778
44.270641019,1790241623.793404,0.0,-1.0,1.527777777777778,-1.527777777777778,1.527777777777778,-1.527777777777778
44.663422589,1790241624.186178,0.4,0.0,5.555555555555556,5.555555555555556,5.0,5.0
45.15923387,1790241624.6819046,0.4,0.0,5.555555555555556,5.555555555555556,5.0,5.0
45.377425345000006,1790241624.9000962,0.0,-1.0,1.527777777777778,-1.527777777777778,1.527777777777778,-1.527777777777778
45.899916359,1790241625.4226863,0.0,-1.0,1.527777777777778,-1.527777777777778,1.527777777777778,-1.527777777777778
46.042824108000005,1790241625.5655017,0.0,-1.0,1.527777777777778,-1.527777777777778,1.527777777777778,-1.527777777777778
46.045936822,1790241625.568662,0.0,-1.0,1.527777777777778,-1.527777777777778,1.527777777777778,-1.527777777777778
46.128923113000006,1790241625.651632,0.0,-1.0,1.527777777777778,-1.527777777777778,1.527777777777778,-1.527777777777778
46.200446310000004,1790241625.7231488,0.0,-1.0,1.527777777777778,-1.527777777777778,1.527777777777778,-1.527777777777778
46.290537874,1790241625.8133395,0.0,-1.0,1.527777777777778,-1.527777777777778,1.527777777777778,-1.527777777777778
46.388039137,1790241625.9107022,0.0,-1.0,1.527777777777778,-1.527777777777778,1.527777777777778,-1.527777777777778
46.457815092000004,1790241625.9805908,0.0,-1.0,1.527777777777778,-1.527777777777778,1.527777777777778,-1.527777777777778
46.56366486,1790241626.0864072,0.0,-1.0,1.527777777777778,-1.527777777777778,1.527777777777778,-1.527777777777778
46.621321106,1790241626.143971,0.0,-1.0,1.527777777777778,-1.527777777777778,1.527777777777778,-1.527777777777778
46.844359932,1790241626.3670537,0.4,0.0,5.555555555555556,5.555555555555556,5.0,5.0
47.337699698,1790241626.860476,0.4,0.0,5.555555555555556,5.555555555555556,5.0,5.0
47.412588839,1790241626.9353786,0.4,0.0,5.555555555555556,5.555555555555556,5.0,5.0
47.50392998700001,1790241627.026686,0.4,0.0,5.555555555555556,5.555555555555556,5.0,5.0
47.615847474000006,1790241627.1387188,0.4,0.0,5.555555555555556,5.555555555555556,5.0,5.0
47.661740523000006,1790241627.1844847,0.4,0.0,5.555555555555556,5.555555555555556,5.0,5.0
47.758737098000005,1790241627.2814515,0.4,0.0,5.555555555555556,5.555555555555556,5.0,5.0
47.829292221,1790241627.3520207,0.4,0.0,5.555555555555556,5.555555555555556,5.0,5.0
48.334914507,1790241627.8577027,0.4,0.0,5.555555555555556,5.555555555555556,5.0,5.0
48.844604770000004,1790241628.3672738,0.4,0.0,5.555555555555556,5.555555555555556,5.0,5.0
48.911185563000004,1790241628.4338753,0.4,0.0,5.555555555555556,5.555555555555556,5.0,5.0
49.00340811900001,1790241628.5261164,0.4,0.0,5.555555555555556,5.555555555555556,5.0,5.0
49.075903662,1790241628.598642,0.4,0.0,5.555555555555556,5.555555555555556,5.0,5.0
49.185013331,1790241628.7076666,0.4,0.0,5.555555555555556,5.555555555555556,5.0,5.0
49.23891931,1790241628.761601,0.4,0.0,5.555555555555556,5.555555555555556,5.0,5.0
49.856827625,1790241629.379497,0.0,-1.0,1.527777777777778,-1.527777777777778,1.527777777777778,-1.527777777777778
50.346562435,1790241629.8692563,0.0,-1.0,1.527777777777778,-1.527777777777778,1.527777777777778,-1.527777777777778
50.440658328000005,1790241629.9634402,0.0,-1.0,1.527777777777778,-1.527777777777778,1.527777777777778,-1.527777777777778
50.506038963,1790241630.0287833,0.0,-1.0,1.527777777777778,-1.527777777777778,1.527777777777778,-1.527777777777778
50.601409389000004,1790241630.1240861,0.0,-1.0,1.527777777777778,-1.527777777777778,1.527777777777778,-1.527777777777778
50.7584231,1790241630.2812145,0.0,-1.0,1.527777777777778,-1.527777777777778,1.527777777777778,-1.527777777777778
50.762708992,1790241630.2854917,0.0,-1.0,1.527777777777778,-1.527777777777778,1.527777777777778,-1.527777777777778
50.854660975,1790241630.3774428,0.0,-1.0,1.527777777777778,-1.527777777777778,1.527777777777778,-1.527777777777778
50.96986279,1790241630.4924924,-0.4,0.0,-5.555555555555556,-5.555555555555556,-5.0,-5.0
51.471753351000004,1790241630.9945161,-0.4,0.0,-5.555555555555556,-5.555555555555556,-5.0,-5.0
51.538783467,1790241631.0614455,-0.4,0.0,-5.555555555555556,-5.555555555555556,-5.0,-5.0
51.636918534,1790241631.1596816,-0.4,0.0,-5.555555555555556,-5.555555555555556,-5.0,-5.0
51.70489886,1790241631.2276216,-0.4,0.0,-5.555555555555556,-5.555555555555556,-5.0,-5.0
51.809404458,1790241631.3322535,-0.4,0.0,-5.555555555555556,-5.555555555555556,-5.0,-5.0
51.897320497,1790241631.4200816,-0.4,0.0,-5.555555555555556,-5.555555555555556,-5.0,-5.0
51.971793959,1790241631.494486,-0.4,0.0,-5.555555555555556,-5.555555555555556,-5.0,-5.0
52.041332362000006,1790241631.5639827,-0.4,0.0,-5.555555555555556,-5.555555555555556,-5.0,-5.0
52.611197571000005,1790241632.1339061,0.4,0.0,5.555555555555556,5.555555555555556,5.0,5.0
53.183416742000006,1790241632.7060635,0.0,-1.0,1.527777777777778,-1.527777777777778,1.527777777777778,-1.527777777777778
53.621655629,1790241633.1444473,0.0,-1.0,1.527777777777778,-1.527777777777778,1.527777777777778,-1.527777777777778
53.673897751000005,1790241633.1968548,0.0,-1.0,1.527777777777778,-1.527777777777778,1.527777777777778,-1.527777777777778
53.741980682000005,1790241633.2647018,0.0,-1.0,1.527777777777778,-1.527777777777778,1.527777777777778,-1.527777777777778
53.915130618000006,1790241633.4378653,0.0,-1.0,1.527777777777778,-1.527777777777778,1.527777777777778,-1.527777777777778
53.918884010000006,1790241633.4416156,0.0,-1.0,1.527777777777778,-1.527777777777778,1.527777777777778,-1.527777777777778
