time_s,stamp_s,x,y,z,clamped
0.123631261,1790241579.9372633,0.5599999999999999,0.9620277777777777,0.10928485573418945,False
0.227410665,1790241580.0412698,0.5064444444444443,0.7864444444444444,0.27183699711873155,False
0.32492891100000004,1790241580.1387894,0.45941666666666675,0.7020833333333333,0.3070169591355325,False
0.42377163900000003,1790241580.2376728,0.6478611111111112,0.7754166666666666,0.3023001584818048,False
0.45274643000000003,1790241580.2664874,1.0685833333333337,1.2463611111111113,0.4046712109888916,False
0.482060284,1790241580.2958543,0.6866666666666668,0.7794444444444443,0.24579164919187813,False
0.5107882,1790241580.324711,0.5288888888888887,0.7622222222222222,0.15973957923617577,False
0.5386943430000001,1790241580.3524914,0.5807777777777777,0.8127777777777777,0.15436067770431183,False
0.563747825,1790241580.377743,0.7200000000000001,0.8037500000000001,0.22949267284151698,False
0.5871654190000001,1790241580.4011405,0.7295277777777779,0.8657777777777778,0.28579190451032677,False
0.611019992,1790241580.4250038,0.8342222222222222,0.7648888888888887,0.40970888378860126,False
0.6349385240000001,1790241580.448924,1.1862222222222223,1.023138888888889,0.47600749181234514,False
0.659091744,1790241580.4729984,0.44930555555555557,0.5888888888888888,0.3558949241264914,False
0.686349137,1790241580.5000987,0.8157499999999999,0.9181111111111109,0.2131587396706358,False
0.7136083520000001,1790241580.5274134,0.9092500000000001,1.0244444444444445,0.3446581670695492,False
0.740716994,1790241580.5546129,0.4035277777777777,0.6064166666666665,0.3972131154305478,False
0.7678163650000001,1790241580.5817268,0.9307500000000001,1.1409722222222223,0.16356398085185453,False
0.794971257,1790241580.6088717,0.5664444444444443,0.8606944444444444,0.36702317035175325,False
0.821999742,1790241580.6358101,0.5920000000000002,0.5824166666666667,0.22300100910498122,False
0.8490926550000001,1790241580.66295,0.5112500000000001,0.5980000000000002,0.22765703364082257,False
0.876093432,1790241580.6899865,0.48855555555555547,0.7178888888888888,0.2274567550230533,False
0.903718533,1790241580.7175643,0.3522222222222223,0.5222222222222223,0.38603968533085453,False
0.9315943120000001,1790241580.7454677,0.4480833333333334,0.586527777777778,0.18160539509350704,False
0.9592205070000001,1790241580.773074,0.5406666666666667,0.7411111111111112,0.337018236650761,False
0.987010817,1790241580.80089,0.4991944444444445,0.8780833333333333,0.4816024399119797,False
1.014827116,1790241580.8286586,0.4809166666666667,0.8129166666666668,0.30763633038196236,False
1.042486644,1790241580.8562474,0.5192222222222224,0.7407500000000001,0.42290381288560086,False
1.0684696070000002,1790241580.8824453,0.5695833333333334,0.7066666666666668,0.3278389801009758,False
1.092505483,1790241580.9063315,0.6040000000000001,0.8171944444444446,0.4892119636001431,False
1.116169223,1790241580.9301722,0.6510833333333335,0.6881944444444444,0.26923382879949065,False
1.1398770260000002,1790241580.9538662,0.40652777777777793,0.5383333333333334,0.14218637591480898,False
1.16434009,1790241580.9781876,0.6093055555555557,0.36000000000000015,0.18575283712762558,False
1.193017172,1790241581.006837,0.5652500000000001,0.6500000000000002,0.2605326183568819,False
1.220710867,1790241581.0345688,0.543,-0.059999999999999803,0.0983548776781058,False
1.2483212810000002,1790241581.062163,0.6575277777777779,0.629777777777778,0.2897341082329361,False
1.2741583060000001,1790241581.0879304,0.48300000000000015,0.64,0.5180083120646358,False
1.2978131400000001,1790241581.111723,0.6607500000000002,0.7400000000000001,0.39921731949376393,False
1.3217060470000002,1790241581.1357086,0.6295833333333335,0.7264444444444446,0.410054330015202,False
1.345393797,1790241581.1593602,0.5733333333333334,0.6720277777777777,0.3875486014126831,False
1.370298008,1790241581.1840472,0.5739166666666667,0.6920000000000001,0.34718540118120444,False
1.4309994700000002,1790241581.2448676,0.47833333333333344,0.7489999999999999,0.1924819539970366,False
1.458916082,1790241581.2727158,0.9653333333333335,1.2889166666666667,0.13084415840126606,False
1.483816022,1790241581.2977707,0.5947499999999999,0.8403055555555555,0.2090559084891337,False
1.5074726790000001,1790241581.3214362,0.5435833333333333,0.8673333333333334,0.27298975243130563,False
1.53118496,1790241581.3451707,0.5685555555555556,0.681888888888889,0.24350952514620872,False
1.5548209400000002,1790241581.3688033,0.46002777777777787,0.82525,0.20007414742045482,False
1.5805396310000002,1790241581.394373,0.37644444444444436,0.6044444444444445,0.3217175797208863,False
1.6082766080000002,1790241581.4221573,0.3930000000000001,0.731111111111111,0.1478595818174433,False
1.6364447830000002,1790241581.45001,0.4809166666666667,0.7102499999999999,0.23174717542043322,False
1.664376603,1790241581.478246,0.29333333333333333,0.7064444444444445,0.36245437312676054,False
1.69212384,1790241581.5059683,0.4937499999999999,0.8441944444444445,0.29822823084839567,False
1.720098525,1790241581.533912,0.7311111111111113,1.2911111111111113,0.24600349052982717,False
1.7479742520000001,1790241581.5618432,0.7140000000000002,1.2564722222222222,0.27805012119774153,False
1.775823103,1790241581.5896788,0.6285277777777777,0.9986666666666667,0.31044569555247903,False
1.8035178920000001,1790241581.6174078,0.42258333333333337,0.8677777777777778,0.2448767584855549,False
1.8312323680000002,1790241581.6451075,0.4310833333333333,0.9530833333333333,0.3695166205436853,False
1.859198981,1790241581.6729279,0.3411388888888889,0.8019999999999999,0.19161366911728206,False
1.8849819950000002,1790241581.6989603,0.19230555555555565,0.7787499999999998,0.17707212573448472,False
1.9086354230000002,1790241581.7226043,0.10124999999999988,0.7625833333333334,0.16637082905289424,False
1.9325720800000001,1790241581.7464666,0.13275000000000023,0.75275,0.2484559566998632,False
1.956345664,1790241581.7702587,0.19288888888888922,0.7474722222222223,0.1924896598453889,False
1.9802983100000002,1790241581.7942688,0.3393333333333337,0.82525,0.15705847639133852,False
2.003974811,1790241581.8179379,0.315416666666667,0.8098611111111111,0.17704082572038038,False
2.027587978,1790241581.8415751,0.3600833333333333,0.7666666666666666,0.16027976446946512,False
2.0513115610000003,1790241581.86528,0.37200000000000033,0.9326666666666666,0.19915991675044453,False
2.075877282,1790241581.8897831,0.4444444444444445,0.7949166666666666,0.24991589438844253,False
2.100147273,1790241581.9141417,0.40347222222222234,0.7644722222222223,0.2630369402212638,False
2.124139972,1790241581.938127,0.43586111111111114,0.7174166666666667,0.10545472324826632,False
2.148276682,1790241581.9622085,0.28166666666666673,0.5337500000000002,0.21677572664342093,False
2.171868859,1790241581.9858584,0.5645833333333335,0.85625,0.13785474349278415,False
2.199156668,1790241582.013,0.6629722222222223,1.0736388888888888,0.10193181795560524,False
2.227397916,1790241582.0412683,0.4875833333333334,0.7146666666666667,0.3702613008962621,False
2.255181507,1790241582.0690148,0.6339166666666667,0.7344444444444443,0.3045900252926368,False
2.283098275,1790241582.096981,0.6659722222222223,0.8648888888888888,0.1855278338581361,False
2.3109216580000003,1790241582.124757,0.6172500000000002,0.9526666666666667,0.1582782038858055,False
2.338754936,1790241582.152531,0.7077777777777776,0.9877777777777778,0.21360887383394656,False
2.366635246,1790241582.18048,0.615,0.942638888888889,0.21981162515313057,False
2.392325657,1790241582.2062247,0.6530000000000001,0.9931944444444446,0.25906013837268604,False
2.416101168,1790241582.2300026,0.6414166666666666,0.8836666666666666,0.3308158678845159,False
2.439994179,1790241582.2539806,0.6645555555555557,0.82275,0.23630438983690127,False
2.463803752,1790241582.2777328,0.748,0.9877777777777778,0.240900825357514,False
2.487419055,1790241582.3013606,0.9289166666666668,1.1089166666666668,0.3151560261758326,False
2.511217847,1790241582.325204,0.8635555555555557,0.9530000000000001,0.3148792954824593,False
2.535075285,1790241582.3489618,1.0099999999999998,1.1038055555555555,0.4719823096547444,False
2.5590327750000004,1790241582.3729365,0.92825,1.1832500000000001,0.48613798773993677,False
2.583061256,1790241582.3969972,0.81075,1.14075,0.2660880719326235,False
2.6069592150000003,1790241582.4209182,1.0193333333333334,1.2089166666666666,0.3398020784176259,False
2.630675038,1790241582.444602,0.8011111111111111,1.1146666666666667,0.24708062517752905,False
2.6547219560000004,1790241582.4685316,0.748,1.0779166666666666,0.33279182193168877,False
2.679025384,1790241582.4928384,0.8271111111111114,1.0270833333333336,0.39391665048659485,False
2.703024021,1790241582.5169919,1.195361111111111,1.401916666666667,0.9796229194130268,False
2.732494177,1790241582.5407553,1.5493055555555555,1.9398888888888888,1.3,True
2.762373449,1790241582.570414,1.5923333333333334,1.881333333333333,1.3,True
2.786656461,1790241582.6005602,1.2712499999999998,1.6721388888888888,0.6803428578920171,False
2.8105125450000004,1790241582.624429,0.5910833333333333,0.9496666666666668,0.2708480601593479,False
2.8343500350000004,1790241582.6482143,0.5801388888888889,0.85,0.2503148712119594,False
2.858129817,1790241582.6719775,0.5266666666666667,0.815,0.18250403928147363,False
2.882192308,1790241582.6960628,0.6349722222222223,0.87475,0.25998907962167395,False
2.905874954,1790241582.719807,0.7529166666666666,1.0086666666666666,0.172255326498453,False
2.929653069,1790241582.7435741,0.8899166666666667,1.1850277777777778,0.2608380817774594,False
2.9532633710000002,1790241582.7671967,0.9633333333333332,1.3179999999999998,0.27055117228252223,False
2.977049768,1790241582.79103,0.6731944444444445,0.9980833333333332,0.15709191109199083,False
3.000779081,1790241582.8147738,1.0859999999999999,1.3144722222222223,0.35381461805512304,False
3.024557144,1790241582.8384898,0.9786666666666667,1.15125,0.3035387649007336,False
3.0481629150000003,1790241582.862147,0.8735833333333333,0.9925833333333335,0.453518762103311,False
3.071824207,1790241582.8857949,0.7739722222222222,1.0422222222222222,0.23363240918782258,False
3.095650864,1790241582.9095356,0.5645833333333335,0.8913611111111112,0.16456130534449942,False
3.1194672600000004,1790241582.933415,1.0524444444444443,1.377333333333333,0.243489905279219,False
3.1431902710000004,1790241582.9571445,0.7970277777777778,0.99625,0.28553824175052456,False
3.166991824,1790241582.9809666,0.7964166666666666,0.9536666666666664,0.22956065938118453,False
3.190915877,1790241583.0047295,0.7786666666666667,0.8493333333333333,0.3553248647756674,False
3.2186144150000002,1790241583.032458,0.7622222222222222,0.8835555555555555,0.4059939238475331,False
3.246339673,1790241583.060185,0.7465277777777779,0.9254166666666667,0.32127620338436236,False
3.274066597,1790241583.0878065,0.6717777777777779,0.8506666666666667,0.3368900169211344,False
3.3006414360000003,1790241583.114641,0.5309166666666668,0.7495833333333334,0.3381516130676081,False
3.324389655,1790241583.1383476,0.5700833333333334,0.82675,0.29606303457061833,False
3.3481392810000004,1790241583.1621084,-1.439111111111111,0.9982499999999997,0.3138173863951247,False
3.37195099,1790241583.1858463,-1.5159166666666661,0.9107500000000001,0.5024217297203845,False
3.395664521,1790241583.2095578,-1.3474166666666665,1.0375833333333333,0.3056212226833386,False
3.422755142,1790241583.236608,-1.4157499999999996,0.9309166666666668,0.5088324468090064,False
3.4499699300000004,1790241583.2637382,-1.436416666666666,0.9102500000000001,0.5715412865355896,False
3.4770430510000003,1790241583.2909513,-1.5676388888888892,0.8893611111111112,0.6678250810998445,False
3.5042723700000002,1790241583.3181973,-1.4436666666666669,0.9207777777777776,0.523859007972023,False
3.531572783,1790241583.3454595,-1.4140000000000001,0.9104722222222222,0.43759387028979924,False
3.558971946,1790241583.3728118,-1.5463055555555558,0.8675833333333334,0.5376757326568662,False
3.586344287,1790241583.4002068,-1.4733333333333334,0.9206666666666667,0.608218403122938,False
3.6133089700000003,1790241583.4271674,-1.4555555555555555,0.8896944444444445,0.5842473749848694,False
3.640613393,1790241583.4545214,-1.407027777777778,0.8582222222222224,0.4378356016131967,False
3.6678267750000004,1790241583.4817274,-1.4356666666666666,0.9108611111111111,0.324913717413862,False
3.6951481260000003,1790241583.5090494,-1.3943611111111116,0.9,0.22011246334584178,False
3.718958637,1790241583.5328999,-1.4822222222222223,0.9104166666666664,0.5868669289633437,False
3.7424375320000003,1790241583.5561726,-1.4527777777777773,0.9543055555555556,0.35177131712288656,False
3.7659654390000004,1790241583.5797899,-1.4527777777777773,0.9543055555555556,0.35177131712288656,False
3.7897068870000004,1790241583.6036682,-1.4436666666666669,0.9207777777777776,0.523859007972023,False
3.813484481,1790241583.627391,-1.4629166666666669,0.879,0.5115624143986487,False
3.888245291,1790241583.7022133,-1.4157499999999996,0.8895833333333336,0.4626270660240106,False
4.089040023,1790241583.902956,-1.4573333333333331,0.9,0.3890776347264516,False
4.293606844,1790241584.1075213,-1.4140000000000001,0.9721388888888888,0.5077563627835966,False
4.4884475020000005,1790241584.3024082,-1.4244722222222226,0.9515277777777776,0.5254848121343477,False
4.688145304000001,1790241584.502089,-1.5782222222222226,0.8680833333333333,0.6953133508395956,False
4.895322234,1790241584.7092907,-1.4644444444444444,0.8370000000000002,0.5161419330415726,False
5.295187162,1790241585.1091485,-1.384333333333333,0.9,0.3599887116517042,False
5.490477873000001,1790241585.3043215,-1.5463055555555558,0.8675833333333334,0.5376757326568662,False
5.689296038,1790241585.50324,-1.422666666666667,0.9,0.4190802785976723,False
5.89045254,1790241585.7044225,-1.384333333333333,0.9314166666666666,0.39110824886690776,False
6.09038576,1790241585.9042904,-1.384333333333333,0.9105277777777778,0.37018260496090705,False
6.291287574,1790241586.1052415,-1.2807500000000003,1.0733333333333328,0.1473790766016978,False
6.494566163,1790241586.3084764,-1.4951944444444443,0.9302500000000001,0.8020757981354293,False
6.694617195,1790241586.5084746,-1.3822500000000002,0.9,0.3172564233229508,False
6.895271405000001,1790241586.7092435,-1.422666666666667,0.9,0.4190802785976723,False
7.089226436000001,1790241586.9031763,-1.3524166666666664,0.8892500000000001,0.24876092289992258,False
7.28940476,1790241587.1032228,-1.4555555555555555,0.8373333333333335,0.5236425349233464,False
7.487919955000001,1790241587.301871,-1.4836944444444444,0.8687500000000002,0.590405585545735,False
7.6897002080000005,1790241587.5036042,-1.4100000000000001,0.9,0.3372954762753011,False
7.888842332,1790241587.702681,-1.4809722222222221,0.9329166666666668,0.35316961917050405,False
8.089504510000001,1790241587.9032202,-1.3652500000000003,0.8894166666666667,0.3227434162127357,False
8.288976426000001,1790241588.1028602,-1.4809722222222221,0.9110277777777779,0.3320900531953105,False
8.489040739,1790241588.302909,-1.2981111111111108,1.0072222222222222,0.19509686475618793,False
8.689089478000001,1790241588.503015,-1.492,1.0072222222222222,0.47547626167482104,False
8.88916551,1790241588.7029793,-1.2815833333333335,1.045527777777778,0.038724524294044826,False
9.088831072000001,1790241588.9027178,-1.4306666666666665,0.9548611111111112,0.27949368087378157,False
9.289489291,1790241589.1033173,-1.3662499999999995,1.0532222222222223,0.2111088722386958,False
9.494475904,1790241589.3081815,-1.4833333333333327,0.9646666666666668,0.43395124591946543,False
9.689374166,1790241589.503215,-1.4027499999999997,1.01825,0.3224728264646548,False
9.888797852000001,1790241589.702685,-1.4527777777777773,0.9862222222222222,0.3850123187768456,False
10.090622116,1790241589.9042525,-1.3199999999999996,0.9748611111111111,0.22815774759379326,False
10.292341691,1790241590.106024,-1.3143055555555552,0.9319166666666667,0.2374407155246856,False
10.489828239000001,1790241590.3036273,-1.384333333333333,0.8787777777777778,0.3401193618443106,False
10.689116612000001,1790241590.5029478,-1.446666666666666,0.8586666666666668,0.5547167577953248,False
10.893172494,1790241590.7067246,-1.3879999999999997,0.8582222222222224,0.40752556491294867,False
11.094036235,1790241590.9076476,-1.4747499999999998,0.8793333333333333,0.6112436378595913,False
11.488649745,1790241591.3026304,-1.3356388888888886,0.9729166666666667,0.3420845975714363,False
11.890191705000001,1790241591.70412,-1.3188611111111108,0.9518055555555555,0.33731025038575047,False
12.088429191000001,1790241591.9023843,-1.4442222222222216,0.9646666666666668,0.3701933560886276,False
12.289080796,1790241592.1030736,-1.4836944444444444,0.8582222222222224,0.5777082218323111,False
12.489175264,1790241592.3031206,-1.4452500000000004,0.8687500000000002,0.5150631394819077,False
12.693224479000001,1790241592.507103,-1.4288888888888884,0.8383333333333335,0.5464260053371668,False
12.893973896,1790241592.7022083,-1.6520833333333331,0.7689166666666668,1.3,True
13.089317419,1790241592.9031374,-1.3440277777777783,0.9106388888888889,0.2749506613801769,False
13.290235065000001,1790241593.1041248,-1.537361111111111,0.9212222222222223,0.6113270505333025,False
13.490979222,1790241593.3049462,-1.488138888888889,0.9118611111111113,0.06163334935902265,False
13.687905299,1790241593.5018635,-1.5727500000000003,0.9783611111111111,0.4214973114637436,False
13.895435197000001,1790241593.7093818,-1.860666666666667,0.9,0.5176832127868184,False
14.094997842000001,1790241593.9089432,-1.7522222222222221,1.0142499999999999,0.1467809308502488,False
14.291153240000002,1790241594.1051311,-1.6868055555555554,0.9911944444444444,-0.055219757474551656,False
14.488405828000001,1790241594.3023791,-1.9153333333333336,1.0473333333333334,0.6775121598688776,False
14.698004479000002,1790241594.5061135,-2.1408888888888895,0.6946666666666667,1.3,True
14.898301604,1790241594.7064881,-2.066666666666667,0.8286666666666667,1.3,True
15.091564029,1790241594.9054832,-1.53375,0.9402222222222224,0.9646000740317519,False
15.289348336000002,1790241595.1033235,-1.1000000000000003,1.0954166666666667,0.4291025741289114,False
15.495076460000002,1790241595.309035,-1.0055555555555553,0.8804444444444444,0.170320574260878,False
15.689723105,1790241595.5032558,-0.7365833333333328,1.1298611111111112,0.13842397465584644,False
15.891604139000002,1790241595.705544,-0.8321388888888887,1.2834166666666667,0.3137005884007694,False
16.090425948,1790241595.9042602,-1.03875,1.248888888888889,0.5970241962130727,False
16.490028112,1790241596.3039432,-1.0615277777777783,1.206,0.7144893023981786,False
16.693549825,1790241596.5021303,-1.2955555555555553,1.1456944444444446,1.3,True
16.889433296,1790241596.7033617,-1.0026944444444439,1.1777499999999999,0.6443256993138683,False
17.088038698000002,1790241596.9019957,-0.7484166666666662,1.1505833333333333,0.45849510630590384,False
17.694485966000002,1790241597.5084295,-0.5733333333333334,1.2590277777777779,0.4764479714839872,False
17.889237663,1790241597.7031987,-0.6533333333333334,1.1633333333333336,0.19876836627750705,False
18.092100261000002,1790241597.9060633,-0.5313333333333335,1.363333333333333,0.45435993997971513,False
18.293198324000002,1790241598.1071346,-0.5279166666666669,1.252,0.34637533953050736,False
18.496178161,1790241598.3101375,-0.0984722222222223,1.2527777777777778,0.44486781082876425,False
18.694412833,1790241598.5080507,-0.09733333333333322,1.0780277777777778,0.6747941678441185,False
18.890146668,1790241598.7040594,0.19488888888888914,0.8332500000000002,0.3346955099619323,False
19.093843746,1790241598.9076529,0.2955555555555557,0.6736388888888889,0.27703491703930094,False
19.2902868,1790241599.1042488,0.3463333333333333,0.5845277777777778,0.3352303387707536,False
19.490039079000002,1790241599.303882,0.2604166666666667,0.5977777777777779,0.3406018094048313,False
19.690787819,1790241599.5044074,0.36955555555555547,0.5822222222222222,0.2814981711805118,False
19.889688794,1790241599.7036462,0.35097222222222224,0.8058888888888889,0.5740787935362219,False
20.090458158,1790241599.9042964,0.21769444444444458,0.7226666666666668,0.35423997877531677,False
20.292261691,1790241600.1062074,0.23700000000000004,0.7843055555555556,0.5073488815849111,False
20.491971574,1790241600.305892,0.26297222222222233,0.8496388888888888,0.4074982527596035,False
20.693374741,1790241600.5072503,0.32433333333333336,0.6248611111111112,0.2792373044091607,False
20.892080143,1790241600.7057316,0.4745277777777779,0.5487500000000001,0.36935676781202376,False
21.088595698000002,1790241600.9025452,0.5311388888888888,0.37200000000000005,0.3991073977937899,False
21.288946311,1790241601.1029088,0.7729722222222224,0.3592222222222224,0.37205962544214755,False
21.489918592000002,1790241601.3038359,1.0260000000000002,0.261555555555556,0.4624961544219489,False
21.689215453000003,1790241601.5031486,0.9483333333333334,0.1146666666666665,0.16955077759129566,False
21.891378517,1790241601.7053418,1.2337500000000001,-0.010694444444444439,0.3453552669406149,False
22.089683606,1790241601.9036307,1.252,-0.015555555555555446,0.2101128385510005,False
22.295117041,1790241602.1090586,1.2133333333333334,0.31200000000000017,0.2887739015322921,False
22.488065818000003,1790241602.3020198,1.0744166666666666,0.051749999999999914,0.2834613810145288,False
22.689591798000002,1790241602.5034933,0.9657500000000001,0.11777777777777788,0.3497077646525105,False
22.893278146,1790241602.7071073,0.8780833333333333,0.41875,0.43766706126796806,False
23.093720998000002,1790241602.907591,0.7040000000000002,0.3384166666666667,0.49734306224749913,False
23.291716086,1790241603.105665,0.6915555555555556,0.2653055555555556,0.3558793108020538,False
23.490588259000003,1790241603.3044498,0.6460833333333332,0.35244444444444434,0.32698446057160224,False
23.689847985,1790241603.503753,0.6946666666666668,0.3154166666666665,0.39980527183774794,False
23.887822604,1790241603.7017646,0.9406666666666667,0.42400000000000004,0.594400806248886,False
24.089108635000002,1790241603.9030697,0.885888888888889,0.26297222222222233,0.4434683386571656,False
24.289493675000003,1790241604.1034584,0.985861111111111,0.38099999999999995,0.2927677181509891,False
24.489430537,1790241604.3034062,0.9373611111111112,0.24258333333333343,0.33076964875968107,False
24.688789169000003,1790241604.5027404,1.0194722222222223,0.392888888888889,0.5070216212878574,False
24.889895876,1790241604.703721,0.7294166666666667,0.4431944444444444,0.42826035377386384,False
25.090249197000002,1790241604.90418,0.5988611111111113,0.5617500000000001,0.3180619637172797,False
25.289237412000002,1790241605.1031945,0.3759722222222222,0.9622222222222221,0.29681841963729605,False
25.488137241,1790241605.3020718,0.40780555555555537,0.9182222222222223,-0.008840165748021489,False
25.691411087000002,1790241605.505318,0.4169999999999998,0.9543333333333331,0.0073442496592956985,False
25.890120655,1790241605.703958,0.36375000000000035,1.039,0.310775587897266,False
26.095018828,1790241605.9089615,0.5733333333333334,0.8342499999999999,0.5330477026640517,False
26.290778443,1790241606.1046546,0.65525,0.5055555555555555,0.4729806424593719,False
26.490842024000003,1790241606.3047957,0.8071944444444444,0.2354166666666667,0.41602255576650593,False
26.690202947000003,1790241606.504089,0.7500833333333334,0.0849999999999999,0.3930545809942281,False
26.890448455,1790241606.7042909,0.9561944444444446,0.2717500000000001,0.2035310665989758,False
27.090040316000003,1790241606.9039664,0.8434166666666667,0.2927500000000001,0.19576009676842032,False
27.290055198,1790241607.103964,0.7430833333333334,0.27086111111111116,0.34498093306474953,False
27.490913207000002,1790241607.3048692,0.7153611111111112,0.5406666666666667,0.3177383056102452,False
27.693225698000003,1790241607.5070622,0.49575,0.7511111111111113,0.44696774019651997,False
27.889368959000002,1790241607.703334,0.40958333333333347,0.9146666666666667,0.42562800711342297,False
28.096821667,1790241607.9107807,0.46,0.7934722222222222,0.22906497276364712,False
28.290539716,1790241608.1044724,0.441,0.7569722222222223,0.3943996163958683,False
28.490475015,1790241608.3042185,0.6563055555555556,0.6298888888888888,0.42816113564418645,False
28.689677031000002,1790241608.5036423,0.6728888888888888,0.590638888888889,0.33006894773804907,False
28.891175614,1790241608.705132,0.708,0.45375,0.2825291466091031,False
29.087890126,1790241608.9018915,0.9245833333333334,0.44958333333333345,0.22151936219925084,False
29.293465799000003,1790241609.1073136,0.7013333333333333,0.4809166666666667,0.22587211409545005,False
29.487965724000002,1790241609.3019252,0.7178888888888888,0.6262222222222223,0.30156058190547286,False
29.694619524,1790241609.5084019,0.5630833333333335,0.737777777777778,0.3059068905079837,False
29.891246796,1790241609.7051976,0.3459166666666668,0.9219166666666667,0.40595787602348166,False
30.090378604,1790241609.9042444,0.28724999999999973,1.3499999999999999,0.3958498811038068,False
30.294646670000002,1790241610.1085656,-0.1318055555555553,1.50975,0.4050797616409094,False
30.495491762,1790241610.3094468,-0.08124999999999986,1.658972222222222,0.2222200579918634,False
30.688094339000003,1790241610.502001,-0.2713333333333338,1.7772499999999998,0.2342323612896562,False
30.894796994000004,1790241610.7087538,-0.7240000000000002,1.6449999999999998,0.5696582991503223,False
31.095475366000002,1790241610.909431,-0.2599166666666666,1.4191111111111112,0.25742291378053195,False
31.288372892,1790241611.1023402,1.2335811384723962e-16,1.0515555555555556,0.4534003817740956,False
31.490339600000002,1790241611.304205,0.23700000000000004,0.6769722222222222,0.41391895949664625,False
31.687967811000004,1790241611.5019252,0.2500000000000001,0.23947222222222242,0.24536591426981147,False
31.894395205000002,1790241611.7082813,0.11055555555555571,0.22574999999999987,0.37349343950741376,False
32.089160963000005,1790241611.9031327,0.2153333333333333,0.23711111111111113,0.15391541475194348,False
32.289131574,1790241612.1030846,0.1822500000000001,0.6345833333333334,0.30995508659679727,False
32.494226881,1790241612.308113,0.08108333333333359,0.7040000000000002,0.43269988293811734,False
32.694565617,1790241612.5084422,-0.019111111111110978,1.056,0.5593254659217055,False
32.893848415,1790241612.7077339,-0.14763888888888874,1.2033333333333334,0.39983798826181116,False
33.090502718,1790241612.9044533,-0.20569444444444393,1.34,0.41315740093030495,False
33.293234219,1790241613.107093,-0.046666666666666336,1.4859166666666668,0.4152549056680539,False
33.488487061,1790241613.302445,0.14252777777777767,1.4777777777777779,0.47183415183436817,False
33.689947413,1790241613.5037856,0.013333333333333468,1.2194444444444446,0.4614432224733961,False
33.893631833,1790241613.7074177,0.15975000000000023,0.9468611111111113,0.5154402675605688,False
34.091110043,1790241613.9050698,0.29625,0.61125,0.06439918460693805,False
34.288922160000006,1790241614.1028748,0.30233333333333356,0.8327500000000001,0.3486210045121054,False
34.49027918,1790241614.3041234,0.30186111111111125,0.8503333333333333,0.15221383009683076,False
34.690819583,1790241614.504774,0.2579166666666667,0.9304444444444443,0.3000739383044242,False
34.891306548,1790241614.7052767,0.2734722222222223,0.9755555555555554,0.3193857528581736,False
35.089143405,1790241614.9031324,0.15252777777777782,1.1520833333333333,0.28953512180693375,False
35.28801792,1790241615.101969,-0.0630833333333331,1.1950277777777778,0.48120264815092273,False
35.493698124000005,1790241615.3074713,-0.30555555555555547,1.4546666666666668,0.538763708591068,False
35.694560142,1790241615.5084918,-0.610861111111111,1.65,0.4592570529988973,False
35.888964024,1790241615.702841,-0.8605833333333339,1.9826666666666664,0.513597294461815,False
36.090447033000004,1790241615.9043653,-0.8605833333333339,1.9071944444444442,0.34501011656188996,False
36.287873837,1790241616.101847,-0.6773333333333332,1.8893333333333335,0.3749383203747383,False
36.491072890000005,1790241616.305054,-0.43791666666666623,1.6653333333333333,0.16929496244845343,False
36.690692197000004,1790241616.5045831,-0.531305555555555,1.17125,0.3995624151914784,False
36.889166243000005,1790241616.7031336,-0.8062499999999999,1.0190000000000003,0.3664048321140475,False
37.089659875,1790241616.9036088,-0.4088055555555556,0.5844444444444443,0.3102006723052707,False
37.289638870000005,1790241617.1035905,-0.43699999999999994,0.34175000000000016,0.14646719270755026,False
37.489213959000004,1790241617.3031735,-0.44333333333333286,0.4265833333333333,0.2580872324048533,False
37.688453057000004,1790241617.5024245,-0.38125000000000014,0.4916666666666668,0.25056571125730387,False
37.894882741,1790241617.7086155,-0.42630555555555555,0.6462500000000001,0.4768812292248046,False
38.089892613,1790241617.9038146,-0.6640833333333335,0.93,0.5443589963554858,False
38.295392400000004,1790241618.1093457,-0.3248888888888889,1.1976666666666667,0.29002882940546315,False
38.490244094000005,1790241618.3040855,-0.6098055555555559,1.4981944444444446,0.42298769048012697,False
38.689889548000004,1790241618.5038083,-0.777583333333333,1.371,0.35061959166927037,False
38.892958965000005,1790241618.7069147,-0.6976944444444441,1.548,0.28151167793078824,False
39.091564885000004,1790241618.9055395,-0.4418611111111106,1.4692500000000002,0.3025215811920269,False
39.289226897,1790241619.1031864,-0.6024166666666665,1.1757777777777778,0.3452535535514297,False
39.49361866,1790241619.3075216,-0.6146666666666666,1.0895833333333333,0.4906218136055859,False
39.694570209000005,1790241619.508454,-0.5666666666666667,0.9577777777777778,0.5535747744857823,False
39.894210246,1790241619.7080657,-0.4632499999999995,0.7729999999999999,0.5382451591883382,False
40.089730431,1790241619.9036803,-0.09377777777777793,0.7398888888888889,0.3599094934561742,False
40.289351197,1790241620.103312,-0.32,0.7643611111111113,0.4459203246646205,False
40.494215513,1790241620.308054,-0.40636111111111145,0.8058888888888889,0.6035707170559419,False
40.687943663000006,1790241620.5018978,-0.618416666666667,0.9215833333333334,0.6040510175946008,False
40.894476628,1790241620.708302,-0.5301111111111114,1.1640000000000001,0.5163634708128121,False
41.089923584000005,1790241620.9038503,-0.5332499999999999,1.2552222222222225,0.4256650468273009,False
41.289818777,1790241621.1037295,-0.6225833333333335,1.252,0.40530117187091663,False
41.488939958,1790241621.3028963,-0.43466666666666665,1.1140277777777778,-0.031956080067355064,False
41.693219637000006,1790241621.5070488,-0.5918055555555559,0.9194444444444444,-0.07912584559706759,False
41.89282035,1790241621.7067657,-0.4533333333333337,1.1007777777777779,0.3549194886997692,False
42.088578817000005,1790241621.9025397,-0.1265277777777777,1.2224722222222222,0.49349371524725294,False
42.289645626,1790241622.1036413,-0.09424999999999992,1.1016666666666668,0.508136695473546,False
42.48981759,1790241622.3037224,-0.030222222222221852,1.1016666666666668,0.5031203523495495,False
42.690497941000004,1790241622.5044305,-0.5516666666666666,1.0137777777777779,0.5806124089387978,False
42.889963132000005,1790241622.7038848,-0.5082499999999998,1.0539722222222223,0.6890789803223735,False
43.090276086,1790241622.9041343,-0.3642499999999995,1.0137777777777779,0.4698334174492742,False
43.291757844,1790241623.1056998,-0.3487500000000001,1.21125,0.5435960900418348,False
43.489699022,1790241623.303655,-0.43400000000000005,1.2553333333333332,0.6248094919045275,False
43.694339744000004,1790241623.5081954,-0.5452499999999998,1.1115555555555554,0.453154863972414,False
43.888378676,1790241623.702357,-0.5666666666666662,1.2243333333333335,0.4398274720861063,False
44.091037102,1790241623.9049911,-0.4464166666666664,1.4962499999999999,0.5551187361584244,False
44.289753803,1790241624.103703,-0.4380000000000001,1.4782499999999998,0.6078779460962106,False
44.495827131000006,1790241624.3097744,-0.4619999999999999,1.4192500000000001,0.4252512146335955,False
44.695596386000005,1790241624.5095284,-0.20500000000000013,1.4541944444444443,0.3300033413733253,False
44.888827764000006,1790241624.7027953,-0.25966666666666693,1.3803333333333332,0.4533282152385667,False
45.091317544000006,1790241624.9052098,-0.3316388888888892,1.252361111111111,0.21477776711261298,False
45.292831958,1790241625.1067433,-0.5156388888888886,1.2866666666666666,0.3331983527349982,False
45.495434811,1790241625.3093662,-0.6012222222222221,1.3480833333333335,0.45667137728222396,False
45.695339118,1790241625.5092826,-0.6431111111111111,1.54375,0.35679056606423176,False
45.890921490000004,1790241625.7048678,-0.6788888888888887,1.4303611111111112,0.30497388558681626,False
46.089620066,1790241625.903556,-0.5177777777777778,1.4698055555555556,0.46066824098123704,False
46.290963593,1790241626.1049156,-0.5124444444444447,1.42325,0.5025916172637607,False
46.491841287,1790241626.3058095,-0.31677777777777716,1.58875,0.38614810991814785,False
46.688381734000004,1790241626.5023332,-0.4212500000000002,1.4632222222222222,0.4579019262015489,False
46.888526093,1790241626.7024791,-0.4494722222222227,1.5480833333333333,0.2943098317542461,False
47.091856395,1790241626.9057982,-0.36641666666666656,1.6402499999999998,0.12619475044243855,False
47.289354343,1790241627.1033547,-0.6466666666666665,1.4066666666666667,0.343176551755178,False
47.494217252000006,1790241627.308037,-0.6242500000000003,1.291,0.2795927589927638,False
47.695561561000005,1790241627.5094655,-0.688888888888889,1.1333333333333333,0.49782317764660644,False
47.890660911000005,1790241627.7045922,-0.5215277777777776,1.1574722222222222,0.24607076528349237,False
48.09151225,1790241627.9054847,-0.8941111111111111,1.0563055555555556,0.2453038853346794,False
48.295487397,1790241628.1094637,-1.2645555555555552,1.067,0.6999914609661118,False
48.489700235,1790241628.3036473,-1.4805833333333338,1.1373333333333333,0.9473728854094701,False
48.698983204,1790241628.506524,-1.7822222222222217,1.11,1.3,True
48.890852079000005,1790241628.7045305,-1.4587500000000004,1.0715555555555552,0.42597647122172777,False
49.088925653000004,1790241628.9028785,-1.4271111111111112,0.9534722222222223,0.37439500974020967,False
49.291858350000005,1790241629.1058133,-1.408333333333333,0.8084444444444444,0.0985780081631864,False
49.494010056,1790241629.3078542,-1.433333333333333,1.011111111111111,0.23900524198127582,False
49.694937280000005,1790241629.5088515,-1.6016666666666666,1.022527777777778,0.5045750616420628,False
49.888500273000005,1790241629.7024686,-1.665333333333334,1.0183333333333333,0.3294011585051684,False
50.091994898,1790241629.9059613,-1.983333333333333,1.6077777777777778,0.39140795393485817,False
50.289595763,1790241630.1035483,-1.5853611111111117,1.4949999999999999,-0.3938728250304213,False
50.494841328,1790241630.3088243,-1.5826944444444446,1.343888888888889,-0.12808996559939412,False
50.692104744000005,1790241630.506063,-1.7008888888888885,1.1466666666666665,0.21624147375447245,False
50.891111861000006,1790241630.7050977,-1.791,1.0183333333333333,0.5874579154729012,False
51.091054292,1790241630.9049783,-1.5054722222222223,1.3594166666666667,-0.019825637918195804,False
51.295349179000006,1790241631.103871,-1.9479999999999995,0.8440277777777778,1.3,True
51.490295038000006,1790241631.304173,-1.496916666666666,1.2834444444444444,0.3242895659673155,False
51.690996169,1790241631.5049374,-1.5468888888888892,1.1729166666666664,0.5257253339494742,False
51.896432046,1790241631.7048037,-1.7523611111111113,1.1672222222222222,1.3,True
52.096974374000006,1790241631.905462,-1.9534722222222223,1.097,1.3,True
52.293180653,1790241632.1019711,-1.76175,1.0286666666666666,1.3,True
52.495123816,1790241632.3036633,-1.918333333333334,1.1066666666666667,1.3,True
52.699234379,1790241632.507291,-2.3320000000000003,1.096666666666667,1.3,True
52.888887625,1790241632.7025115,-1.3417500000000002,1.3462499999999997,0.646227964042512,False
53.094696837,1790241632.9032533,-2.4551388888888894,1.1357499999999998,1.3,True
53.29649177100001,1790241633.1049016,-1.8728055555555552,1.2116666666666667,1.3,True
53.494240865,1790241633.3028154,-2.0137500000000004,1.0084722222222224,1.3,True
53.697404551000005,1790241633.5057516,-1.899361111111111,1.1022222222222222,1.3,True
53.894869998000004,1790241633.703124,-1.9622222222222228,1.0310833333333334,1.3,True
54.100063636,1790241633.9083023,-2.205111111111112,1.512888888888889,1.3,True
54.289508340000005,1790241634.1034591,-1.2502222222222223,2.0786666666666664,0.13716325997558165,False
54.49659271,1790241634.3050976,-3.2759999999999994,1.6493055555555556,1.3,True
54.69324378,1790241634.5021126,-1.724,1.2280833333333334,1.3,True
54.894521786000006,1790241634.708421,-1.532,1.3170833333333334,0.6576079911334857,False
55.099811934,1790241634.9077375,-2.2322499999999996,1.2510833333333335,1.3,True
55.295327846000006,1790241635.1038666,-2.4399722222222224,1.3333333333333333,1.3,True
55.494324598000006,1790241635.302918,-2.0684166666666663,1.3386666666666664,1.3,True
55.70018167400001,1790241635.5082974,-3.2911111111111104,1.31925,1.3,True
55.897652329,1790241635.7059925,-2.624305555555555,1.3053333333333332,1.3,True
56.090022351,1790241635.9039621,-1.2583611111111113,1.3032222222222225,0.23786104790880502,False
56.29345218300001,1790241636.1023073,-1.8806666666666667,1.3019166666666666,1.3,True
56.499362071,1790241636.3073235,-1.6089166666666666,1.1988611111111114,1.3,True
56.699443200000005,1790241636.507308,-1.8671111111111107,1.0958055555555555,1.3,True
56.891166345,1790241636.7051172,-1.177777777777778,1.1701388888888886,0.06366894122863864,False
57.096443003000005,1790241636.9048502,-2.60175,0.9982499999999997,1.3,True
57.29453152400001,1790241637.1083484,-1.5706666666666669,1.853333333333333,0.4020791918115625,False
57.487856546,1790241637.3018246,-1.437555555555555,1.591916666666667,0.07519987300774322,False
57.689870959000004,1790241637.5037985,-1.6954444444444439,1.6267500000000004,0.2343769084228371,False
57.893744021,1790241637.707634,-1.5149999999999997,1.4698888888888888,0.03674956785244343,False
58.092046292000006,1790241637.9060023,-1.701416666666667,1.0950277777777777,0.572954270844021,False
58.299269255000006,1790241638.107275,-1.9270833333333328,0.9972500000000001,1.3,True
58.494348552000005,1790241638.3081439,-1.671888888888889,1.0161111111111112,0.43287500722997296,False
58.693193167000004,1790241638.5019634,-1.8615555555555559,1.144694444444444,1.3,True
58.898241596000005,1790241638.7060604,-2.53375,0.8553333333333337,1.3,True
59.10005856,1790241638.9080982,-1.8453333333333328,0.7177777777777781,1.3,True
59.291115297000005,1790241639.1050901,-1.6400833333333331,0.922,0.6518158751386894,False
59.489278922000004,1790241639.3032358,-1.4014444444444443,0.6518888888888889,0.1609678030542716,False
