t_ms,refL,refR,cmdL,cmdR,countL,countR,thdotL,thdotR
10,0.00,0.00,0.00,0.00,0,0,0.000,0.000
20,0.00,0.00,0.00,0.00,0,0,0.000,0.000
30,0.00,0.00,0.00,0.00,0,0,0.000,0.000
40,0.00,0.00,0.00,0.00,0,0,0.000,0.000
50,0.00,0.00,0.00,0.00,0,0,0.000,0.000
60,0.00,0.00,0.00,0.00,0,0,0.000,0.000
70,0.00,0.00,0.00,0.00,0,0,0.000,0.000
80,0.00,0.00,0.00,0.00,0,0,0.000,0.000
90,0.00,0.00,0.00,0.00,0,0,0.000,0.000
100,0.00,0.00,0.00,0.00,0,0,0.000,0.000
110,0.00,0.00,0.00,0.00,0,0,0.000,0.000
120,0.00,0.00,0.00,0.00,0,0,0.000,0.000
130,0.00,0.00,0.00,0.00,0,0,0.000,0.000
140,0.00,0.00,0.00,0.00,0,0,0.000,0.000
150,0.00,0.00,0.00,0.00,0,0,0.000,0.000
160,0.00,0.00,0.00,0.00,0,0,0.000,0.000
170,0.00,0.00,0.00,0.00,0,0,0.000,0.000
180,0.00,0.00,0.00,0.00,0,0,0.000,0.000
190,0.00,0.00,0.00,0.00,0,0,0.000,0.000
200,0.00,0.00,0.00,0.00,0,0,0.000,0.000
210,0.00,0.00,0.00,0.00,0,0,0.000,0.000
220,0.00,0.00,0.00,0.00,0,0,0.000,0.000
230,0.00,0.00,0.00,0.00,0,0,0.000,0.000
240,0.00,0.00,0.00,0.00,0,0,0.000,0.000
250,0.00,0.00,0.00,0.00,1,0,0.140,0.000
260,0.00,0.00,0.00,0.00,1,0,0.000,0.000
270,0.00,0.00,0.00,0.00,3,0,0.280,0.000
280,0.00,0.00,0.00,0.00,5,0,0.280,0.000
290,0.00,0.00,0.00,0.00,8,0,0.421,0.000
300,0.00,0.00,0.00,0.00,10,0,0.280,0.000
310,0.00,0.00,0.00,0.00,11,0,0.140,0.000
320,0.00,0.00,0.00,0.00,12,0,0.140,0.000
330,0.00,0.00,0.00,0.00,12,0,0.000,0.000
340,0.00,0.00,0.00,0.00,12,0,0.000,0.000
350,0.00,0.00,0.00,0.00,12,0,0.000,0.000
360,0.00,0.00,0.00,0.00,12,0,0.000,0.000
370,0.00,0.00,0.00,0.00,12,0,0.000,0.000
380,0.00,0.00,0.00,0.00,12,0,0.000,0.000
390,0.00,0.00,0.00,0.00,12,0,0.000,0.000
400,0.00,0.00,0.00,0.00,12,0,0.000,0.000
410,0.00,0.00,0.00,0.00,12,0,0.000,0.000
420,0.00,0.00,0.00,0.00,12,0,0.000,0.000
430,0.00,0.00,0.00,0.00,12,0,0.000,0.000
440,0.00,0.00,0.00,0.00,13,0,0.140,0.000
450,0.00,0.00,0.00,0.00,13,0,0.000,0.000
460,0.00,0.00,0.00,0.00,14,0,0.140,0.000
470,0.00,0.00,0.00,0.00,16,0,0.280,0.000
480,0.00,0.00,0.00,0.00,17,0,0.140,0.000
490,0.00,0.00,0.00,0.00,18,0,0.140,0.000
500,0.00,0.00,0.00,0.00,19,0,0.140,0.000
510,0.00,0.00,0.00,0.00,20,0,0.140,0.000
520,0.00,0.00,0.00,0.00,21,0,0.140,0.000
530,0.00,0.00,0.00,0.00,21,0,0.000,0.000
540,0.00,0.00,0.00,0.00,21,0,0.000,0.000
550,0.00,0.00,0.00,0.00,21,0,0.000,0.000
560,0.00,0.00,0.00,0.00,21,0,0.000,0.000
570,0.00,0.00,0.00,0.00,21,0,0.000,0.000
580,0.00,0.00,0.00,0.00,21,0,0.000,0.000
590,0.00,0.00,0.00,0.00,21,0,0.000,0.000
600,0.00,0.00,0.00,0.00,21,0,0.000,0.000
610,0.00,0.00,0.00,0.00,21,0,0.000,0.000
620,0.00,0.00,0.00,0.00,21,0,0.000,0.000
630,0.00,0.00,0.00,0.00,21,0,0.000,0.000
640,0.00,0.00,0.00,0.00,21,0,0.000,0.000
650,0.00,0.00,0.00,0.00,21,0,0.000,0.000
660,0.00,0.00,0.00,0.00,21,0,0.000,0.000
670,0.00,0.00,0.00,0.00,21,0,0.000,0.000
680,0.00,0.00,0.00,0.00,21,0,0.000,0.000
690,0.00,0.00,0.00,0.00,21,0,0.000,0.000
700,0.00,0.00,0.00,0.00,21,0,0.000,0.000
710,0.00,0.00,0.00,0.00,21,0,0.000,0.000
720,0.00,0.00,0.00,0.00,21,0,0.000,0.000
730,0.00,0.00,0.00,0.00,21,0,0.000,0.000
740,0.00,0.00,0.00,0.00,21,0,0.000,0.000
750,0.00,0.00,0.00,0.00,21,0,0.000,0.000
760,0.00,0.00,0.00,0.00,21,0,0.000,0.000
770,0.00,0.00,0.00,0.00,21,0,0.000,0.000
780,0.00,0.00,0.00,0.00,21,0,0.000,0.000
790,0.00,0.00,0.00,0.00,21,0,0.000,0.000
800,0.00,0.00,0.00,0.00,21,0,0.000,0.000
810,0.00,0.00,0.00,0.00,21,0,0.000,0.000
820,0.00,0.00,0.00,0.00,21,0,0.000,0.000
830,0.00,0.00,0.00,0.00,21,0,0.000,0.000
840,0.00,0.00,0.00,0.00,23,0,0.280,0.000
850,0.00,0.00,0.00,0.00,25,0,0.280,0.000
860,0.00,0.00,0.00,0.00,28,0,0.421,0.000
870,0.00,0.00,0.00,0.00,32,0,0.561,0.000
880,0.00,0.00,0.00,0.00,34,0,0.280,0.000
890,0.00,0.00,0.00,0.00,36,0,0.280,0.000
900,0.00,0.00,0.00,0.00,38,0,0.280,0.000
910,0.00,0.00,0.00,0.00,41,0,0.421,0.000
920,0.00,0.00,0.00,0.00,43,0,0.280,0.000
930,0.00,0.00,0.00,0.00,44,0,0.140,0.000
940,0.00,0.00,0.00,0.00,45,0,0.140,0.000
950,0.00,0.00,0.00,0.00,46,0,0.140,0.000
960,0.00,0.00,0.00,0.00,47,0,0.140,0.000
970,0.00,0.00,0.00,0.00,49,0,0.280,0.000
980,0.00,0.00,0.00,0.00,51,0,0.280,0.000
990,0.00,0.00,0.00,0.00,53,0,0.280,0.000
1000,0.00,0.00,0.00,0.00,55,0,0.280,0.000
1010,5.00,5.00,6.00,5.73,57,0,0.280,0.000
1020,5.00,5.00,7.25,6.86,58,0,0.140,0.000
1030,5.00,5.00,7.98,8.00,62,0,0.561,0.000
1040,5.00,5.00,8.89,9.36,67,-2,0.701,-0.280
1050,5.00,5.00,9.21,10.67,77,-5,1.402,-0.421
1060,5.00,5.00,9.50,12.36,91,-12,1.963,-0.982
1070,5.00,5.00,9.65,14.07,109,-22,2.524,-1.402
1080,5.00,5.00,9.68,15.86,131,-35,3.085,-1.823
1090,5.00,5.00,9.57,17.76,157,-51,3.646,-2.244
1100,5.00,5.00,9.61,19.86,185,-71,3.927,-2.805
1110,5.00,5.00,9.44,22.09,216,-95,4.348,-3.366
1120,5.00,5.00,9.45,24.57,248,-124,4.488,-4.067
1130,5.00,5.00,9.29,25.00,282,-158,4.768,-4.768
1140,5.00,5.00,9.21,25.00,317,-198,4.909,-5.610
1150,5.00,5.00,9.23,25.00,352,-243,4.909,-6.311
1160,5.00,5.00,9.39,25.00,386,-296,4.768,-7.433
1170,5.00,5.00,9.17,25.00,422,-352,5.049,-7.854
1180,5.00,5.00,9.30,25.00,457,-414,4.909,-8.695
1190,5.00,5.00,9.18,25.00,493,-479,5.049,-9.116
1200,5.00,5.00,9.17,25.00,529,-547,5.049,-9.537
1210,5.00,5.00,9.15,25.00,565,-618,5.049,-9.958
1220,5.00,5.00,9.14,25.00,601,-691,5.049,-10.238
1230,5.00,5.00,9.13,25.00,637,-765,5.049,-10.378
1240,5.00,5.00,9.12,25.00,673,-841,5.049,-10.659
1250,5.00,5.00,9.11,25.00,709,-918,5.049,-10.799
1260,5.00,5.00,9.10,25.00,745,-996,5.049,-10.939
1270,5.00,5.00,8.94,25.00,782,-1076,5.189,-11.220
1280,5.00,5.00,9.18,25.00,817,-1156,4.909,-11.220
1290,5.00,5.00,9.06,25.00,853,-1237,5.049,-11.360
1300,5.00,5.00,8.91,25.00,890,-1319,5.189,-11.500
1310,5.00,5.00,9.00,25.00,926,-1401,5.049,-11.500
1320,5.00,5.00,8.99,25.00,962,-1484,5.049,-11.641
1330,5.00,5.00,8.84,25.00,999,-1568,5.189,-11.781
1340,5.00,5.00,8.94,25.00,1035,-1652,5.049,-11.781
1350,5.00,5.00,8.92,25.00,1071,-1737,5.049,-11.921
1360,5.00,5.00,8.77,25.00,1108,-1822,5.189,-11.921
1370,5.00,5.00,8.87,25.00,1144,-1907,5.049,-11.921
1380,5.00,5.00,9.00,25.00,1179,-1992,4.909,-11.921
1390,5.00,5.00,8.88,25.00,1215,-2077,5.049,-11.921
1400,5.00,5.00,9.01,25.00,1250,-2162,4.909,-11.921
1410,5.00,5.00,8.89,25.00,1286,-2247,5.049,-11.921
1420,5.00,5.00,9.02,25.00,1321,-2332,4.909,-11.921
1430,5.00,5.00,8.90,25.00,1357,-2417,5.049,-11.921
1440,5.00,5.00,9.03,25.00,1392,-2501,4.909,-11.781
1450,5.00,5.00,9.05,25.00,1427,-2586,4.909,-11.921
1460,5.00,5.00,9.07,25.00,1462,-2670,4.909,-11.781
1470,5.00,5.00,9.09,25.00,1497,-2754,4.909,-11.781
1480,5.00,5.00,9.11,25.00,1532,-2838,4.909,-11.781
1490,5.00,5.00,8.99,25.00,1568,-2921,5.049,-11.641
1500,5.00,5.00,9.12,25.00,1603,-3004,4.909,-11.641
1510,5.00,5.00,9.15,25.00,1638,-3087,4.909,-11.641
1520,5.00,5.00,9.03,25.00,1674,-3169,5.049,-11.500
1530,5.00,5.00,9.01,25.00,1710,-3251,5.049,-11.500
1540,5.00,5.00,9.00,25.00,1746,-3333,5.049,-11.500
1550,5.00,5.00,8.85,25.00,1783,-3415,5.189,-11.500
1560,5.00,5.00,8.95,25.00,1819,-3496,5.049,-11.360
1570,5.00,5.00,8.94,25.00,1855,-3577,5.049,-11.360
1580,5.00,5.00,8.92,25.00,1891,-3658,5.049,-11.360
1590,5.00,5.00,8.91,25.00,1927,-3739,5.049,-11.360
1600,5.00,5.00,8.90,25.00,1963,-3820,5.049,-11.360
1610,5.00,5.00,8.75,25.00,2000,-3900,5.189,-11.220
1620,5.00,5.00,8.84,25.00,2036,-3981,5.049,-11.360
1630,5.00,5.00,8.69,25.00,2073,-4062,5.189,-11.360
1640,5.00,5.00,8.79,25.00,2109,-4142,5.049,-11.220
1650,5.00,5.00,8.64,25.00,2146,-4223,5.189,-11.360
1660,5.00,5.00,8.87,25.00,2181,-4304,4.909,-11.360
1670,5.00,5.00,8.75,25.00,2217,-4384,5.049,-11.220
1680,5.00,5.00,8.74,25.00,2253,-4465,5.049,-11.360
1690,5.00,5.00,8.87,25.00,2288,-4545,4.909,-11.220
1700,5.00,5.00,8.75,25.00,2324,-4627,5.049,-11.500
1710,5.00,5.00,8.88,25.00,2359,-4707,4.909,-11.220
1720,5.00,5.00,8.90,25.00,2394,-4788,4.909,-11.360
1730,5.00,5.00,8.92,25.00,2429,-4869,4.909,-11.360
1740,5.00,5.00,8.95,25.00,2464,-4950,4.909,-11.360
1750,5.00,5.00,9.11,25.00,2498,-5032,4.768,-11.500
1760,5.00,5.00,9.02,25.00,2533,-5113,4.909,-11.360
1770,5.00,5.00,9.04,25.00,2568,-5195,4.909,-11.500
1780,5.00,5.00,8.92,25.00,2604,-5277,5.049,-11.500
1790,5.00,5.00,9.05,25.00,2639,-5359,4.909,-11.500
1800,5.00,5.00,8.79,25.00,2676,-5441,5.189,-11.500
1810,5.00,5.00,8.89,25.00,2712,-5524,5.049,-11.641
1820,5.00,5.00,8.88,25.00,2748,-5607,5.049,-11.641
1830,5.00,5.00,8.87,25.00,2784,-5690,5.049,-11.641
1840,5.00,5.00,8.85,25.00,2820,-5774,5.049,-11.781
1850,5.00,5.00,8.98,25.00,2855,-5858,4.909,-11.781
1860,5.00,5.00,8.86,25.00,2891,-5943,5.049,-11.921
1870,5.00,5.00,8.99,25.00,2926,-6028,4.909,-11.921
1880,5.00,5.00,9.02,25.00,2961,-6113,4.909,-11.921
1890,5.00,5.00,8.90,25.00,2997,-6199,5.049,-12.061
1900,5.00,5.00,8.88,25.00,3033,-6284,5.049,-11.921
1910,5.00,5.00,9.01,25.00,3068,-6370,4.909,-12.061
1920,5.00,5.00,9.04,25.00,3103,-6455,4.909,-11.921
1930,5.00,5.00,8.92,25.00,3139,-6541,5.049,-12.061
1940,5.00,5.00,8.90,25.00,3175,-6627,5.049,-12.061
1950,5.00,5.00,9.03,25.00,3210,-6712,4.909,-11.921
1960,5.00,5.00,8.91,25.00,3246,-6798,5.049,-12.061
1970,5.00,5.00,8.90,25.00,3282,-6883,5.049,-11.921
1980,5.00,5.00,8.89,25.00,3318,-6969,5.049,-12.061
1990,5.00,5.00,8.74,25.00,3355,-7055,5.189,-12.061
2000,5.00,5.00,8.69,25.00,3392,-7140,5.189,-11.921
2010,5.00,5.00,8.79,25.00,3428,-7224,5.049,-11.781
2020,5.00,5.00,8.64,25.00,3465,-7309,5.189,-11.921
2030,5.00,5.00,8.73,25.00,3501,-7393,5.049,-11.781
2040,5.00,5.00,8.72,25.00,3537,-7476,5.049,-11.641
2050,5.00,5.00,8.71,25.00,3573,-7559,5.049,-11.641
2060,5.00,5.00,8.70,25.00,3609,-7642,5.049,-11.641
2070,5.00,5.00,8.69,25.00,3645,-7725,5.049,-11.641
2080,5.00,5.00,8.68,25.00,3681,-7807,5.049,-11.500
2090,5.00,5.00,8.66,25.00,3717,-7889,5.049,-11.500
2100,5.00,5.00,8.79,25.00,3752,-7971,4.909,-11.500
2110,5.00,5.00,8.67,25.00,3788,-8052,5.049,-11.360
2120,5.00,5.00,8.80,25.00,3823,-8134,4.909,-11.500
2130,5.00,5.00,8.82,25.00,3858,-8215,4.909,-11.360
2140,5.00,5.00,8.85,25.00,3893,-8297,4.909,-11.500
2150,5.00,5.00,8.73,25.00,3929,-8378,5.049,-11.360
2160,5.00,5.00,8.86,25.00,3964,-8459,4.909,-11.360
2170,5.00,5.00,8.88,25.00,3999,-8540,4.909,-11.360
2180,5.00,5.00,8.90,25.00,4034,-8621,4.909,-11.360
2190,5.00,5.00,8.92,25.00,4069,-8703,4.909,-11.500
2200,5.00,5.00,8.94,25.00,4104,-8784,4.909,-11.360
2210,5.00,5.00,8.82,25.00,4140,-8865,5.049,-11.360
2220,5.00,5.00,8.81,25.00,4176,-8946,5.049,-11.360
2230,5.00,5.00,8.94,25.00,4211,-9027,4.909,-11.360
2240,5.00,5.00,8.82,25.00,4247,-9108,5.049,-11.360
2250,5.00,5.00,8.67,25.00,4284,-9189,5.189,-11.360
2260,5.00,5.00,8.91,25.00,4319,-9270,4.909,-11.360
2270,5.00,5.00,8.79,25.00,4355,-9351,5.049,-11.360
2280,5.00,5.00,8.64,25.00,4392,-9432,5.189,-11.360
2290,5.00,5.00,8.73,25.00,4428,-9514,5.049,-11.500
2300,5.00,5.00,8.86,25.00,4463,-9595,4.909,-11.360
2310,5.00,5.00,8.60,25.00,4500,-9677,5.189,-11.500
2320,5.00,5.00,8.84,25.00,4535,-9759,4.909,-11.500
2330,5.00,5.00,8.72,25.00,4571,-9842,5.049,-11.641
2340,5.00,5.00,8.71,25.00,4607,-9924,5.049,-11.500
2350,5.00,5.00,8.98,25.00,4641,-10008,4.768,-11.781
2360,5.00,5.00,8.89,25.00,4676,-10091,4.909,-11.641
2370,5.00,5.00,8.77,25.00,4712,-10175,5.049,-11.781
2380,5.00,5.00,9.04,25.00,4746,-10259,4.768,-11.781
2390,5.00,5.00,8.95,25.00,4781,-10343,4.909,-11.781
2400,5.00,5.00,8.84,25.00,4817,-10428,5.049,-11.921
2410,5.00,5.00,8.96,25.00,4852,-10513,4.909,-11.921
2420,5.00,5.00,8.99,25.00,4887,-10598,4.909,-11.921
2430,5.00,5.00,8.87,25.00,4923,-10683,5.049,-11.921
2440,5.00,5.00,8.86,25.00,4959,-10769,5.049,-12.061
2450,5.00,5.00,8.98,25.00,4994,-10854,4.909,-11.921
2460,5.00,5.00,8.87,25.00,5030,-10939,5.049,-11.921
2470,5.00,5.00,8.85,25.00,5066,-11025,5.049,-12.061
2480,5.00,5.00,8.98,25.00,5101,-11110,4.909,-11.921
2490,5.00,5.00,8.86,25.00,5137,-11195,5.049,-11.921
2500,5.00,5.00,8.99,25.00,5172,-11280,4.909,-11.921
2510,5.00,5.00,9.01,25.00,5207,-11365,4.909,-11.921
2520,5.00,5.00,8.90,25.00,5243,-11450,5.049,-11.921
2530,5.00,5.00,8.88,25.00,5279,-11534,5.049,-11.781
2540,5.00,5.00,9.01,25.00,5314,-11618,4.909,-11.781
2550,5.00,5.00,8.89,25.00,5350,-11702,5.049,-11.781
2560,5.00,5.00,8.88,25.00,5386,-11786,5.049,-11.781
2570,5.00,5.00,8.87,25.00,5422,-11869,5.049,-11.641
2580,5.00,5.00,8.86,25.00,5458,-11952,5.049,-11.641
2590,5.00,5.00,8.99,25.00,5493,-12035,4.909,-11.641
2600,5.00,5.00,9.01,25.00,5528,-12117,4.909,-11.500
2610,5.00,5.00,8.89,25.00,5564,-12199,5.049,-11.500
2620,5.00,5.00,8.88,25.00,5600,-12281,5.049,-11.500
2630,5.00,5.00,9.01,25.00,5635,-12363,4.909,-11.500
