time_s,stamp_s,linear_x,angular_z,left_rad_s_unclamped,right_rad_s_unclamped,left_rad_s,right_rad_s
2.900634386,1790239904.0804362,0.15,0.0,2.0833333333333335,2.0833333333333335,2.0833333333333335,2.0833333333333335
3.3302263790000004,1790239904.5100744,0.15,0.0,2.0833333333333335,2.0833333333333335,2.0833333333333335,2.0833333333333335
4.211661148,1790239905.3914251,0.15,0.0,2.0833333333333335,2.0833333333333335,2.0833333333333335,2.0833333333333335
4.778771363000001,1790239905.9584992,0.15,0.0,2.0833333333333335,2.0833333333333335,2.0833333333333335,2.0833333333333335
4.885344894,1790239906.0650773,0.15,0.0,2.0833333333333335,2.0833333333333335,2.0833333333333335,2.0833333333333335
4.892934465000001,1790239906.0728133,0.15,0.0,2.0833333333333335,2.0833333333333335,2.0833333333333335,2.0833333333333335
4.964144547,1790239906.1438978,0.15,0.0,2.0833333333333335,2.0833333333333335,2.0833333333333335,2.0833333333333335
5.063482937000001,1790239906.243189,0.15,0.0,2.0833333333333335,2.0833333333333335,2.0833333333333335,2.0833333333333335
5.136972682000001,1790239906.3168468,0.15,0.0,2.0833333333333335,2.0833333333333335,2.0833333333333335,2.0833333333333335
5.224416189,1790239906.4041376,0.15,0.0,2.0833333333333335,2.0833333333333335,2.0833333333333335,2.0833333333333335
5.294811469000001,1790239906.4746149,0.15,0.0,2.0833333333333335,2.0833333333333335,2.0833333333333335,2.0833333333333335
5.416607944,1790239906.59632,0.15,0.0,2.0833333333333335,2.0833333333333335,2.0833333333333335,2.0833333333333335
5.478961773,1790239906.6587417,0.15,0.0,2.0833333333333335,2.0833333333333335,2.0833333333333335,2.0833333333333335
5.550766497000001,1790239906.7305639,0.15,0.0,2.0833333333333335,2.0833333333333335,2.0833333333333335,2.0833333333333335
5.646226299,1790239906.825928,0.15,0.0,2.0833333333333335,2.0833333333333335,2.0833333333333335,2.0833333333333335
5.716949239000001,1790239906.8969138,0.15,0.0,2.0833333333333335,2.0833333333333335,2.0833333333333335,2.0833333333333335
5.807816329,1790239906.9875195,0.15,0.0,2.0833333333333335,2.0833333333333335,2.0833333333333335,2.0833333333333335
5.936068297,1790239907.1159682,0.15,0.0,2.0833333333333335,2.0833333333333335,2.0833333333333335,2.0833333333333335
5.966710438000001,1790239907.1465557,0.15,0.0,2.0833333333333335,2.0833333333333335,2.0833333333333335,2.0833333333333335
6.0618072650000006,1790239907.2415898,0.15,0.0,2.0833333333333335,2.0833333333333335,2.0833333333333335,2.0833333333333335
6.158769844,1790239907.3385017,0.15,0.0,2.0833333333333335,2.0833333333333335,2.0833333333333335,2.0833333333333335
6.605583997,1790239907.7853575,-0.15,0.0,-2.0833333333333335,-2.0833333333333335,-2.0833333333333335,-2.0833333333333335
7.104710757,1790239908.284443,0.0,-1.0,1.527777777777778,-1.527777777777778,1.527777777777778,-1.527777777777778
7.608314388,1790239908.7880316,0.0,-1.0,1.527777777777778,-1.527777777777778,1.527777777777778,-1.527777777777778
7.679547175000001,1790239908.8593547,0.0,-1.0,1.527777777777778,-1.527777777777778,1.527777777777778,-1.527777777777778
7.748943221,1790239908.928855,0.0,-1.0,1.527777777777778,-1.527777777777778,1.527777777777778,-1.527777777777778
7.861474943,1790239909.0412352,0.0,1.0,-1.527777777777778,1.527777777777778,-1.527777777777778,1.527777777777778
8.369376533,1790239909.5490685,0.0,1.0,-1.527777777777778,1.527777777777778,-1.527777777777778,1.527777777777778
8.439284667,1790239909.6190643,0.0,1.0,-1.527777777777778,1.527777777777778,-1.527777777777778,1.527777777777778
8.556513632,1790239909.7362397,0.0,1.0,-1.527777777777778,1.527777777777778,-1.527777777777778,1.527777777777778
8.603310185,1790239909.783004,0.0,1.0,-1.527777777777778,1.527777777777778,-1.527777777777778,1.527777777777778
8.833119309,1790239910.0129788,0.0,-1.0,1.527777777777778,-1.527777777777778,1.527777777777778,-1.527777777777778
9.288846666000001,1790239910.4687057,0.0,1.0,-1.527777777777778,1.527777777777778,-1.527777777777778,1.527777777777778
9.605067397000001,1790239910.784859,0.0,-1.0,1.527777777777778,-1.527777777777778,1.527777777777778,-1.527777777777778
10.014326171,1790239911.19405,0.15,0.0,2.0833333333333335,2.0833333333333335,2.0833333333333335,2.0833333333333335
10.55097574,1790239911.730735,0.15,0.0,2.0833333333333335,2.0833333333333335,2.0833333333333335,2.0833333333333335
11.062598755000002,1790239912.2423255,0.15,0.0,2.0833333333333335,2.0833333333333335,2.0833333333333335,2.0833333333333335
11.180674962000001,1790239912.360407,0.15,0.0,2.0833333333333335,2.0833333333333335,2.0833333333333335,2.0833333333333335
11.234174405000001,1790239912.4140537,0.15,0.0,2.0833333333333335,2.0833333333333335,2.0833333333333335,2.0833333333333335
11.299187997,1790239912.4789212,0.15,0.0,2.0833333333333335,2.0833333333333335,2.0833333333333335,2.0833333333333335
11.396967086,1790239912.5767667,0.15,0.0,2.0833333333333335,2.0833333333333335,2.0833333333333335,2.0833333333333335
11.468948730000001,1790239912.648832,0.15,0.0,2.0833333333333335,2.0833333333333335,2.0833333333333335,2.0833333333333335
11.567875906000001,1790239912.7476084,0.15,0.0,2.0833333333333335,2.0833333333333335,2.0833333333333335,2.0833333333333335
11.701711260000002,1790239912.881435,0.15,0.0,2.0833333333333335,2.0833333333333335,2.0833333333333335,2.0833333333333335
11.730641555,1790239912.9104087,0.15,0.0,2.0833333333333335,2.0833333333333335,2.0833333333333335,2.0833333333333335
11.828583406,1790239913.0083306,0.15,0.0,2.0833333333333335,2.0833333333333335,2.0833333333333335,2.0833333333333335
11.900640154000001,1790239913.0804136,0.15,0.0,2.0833333333333335,2.0833333333333335,2.0833333333333335,2.0833333333333335
11.97156043,1790239913.1512628,0.15,0.0,2.0833333333333335,2.0833333333333335,2.0833333333333335,2.0833333333333335
12.069789522,1790239913.2495637,0.15,0.0,2.0833333333333335,2.0833333333333335,2.0833333333333335,2.0833333333333335
12.226314885,1790239913.4060519,0.15,0.0,2.0833333333333335,2.0833333333333335,2.0833333333333335,2.0833333333333335
12.234862487000001,1790239913.4145854,0.15,0.0,2.0833333333333335,2.0833333333333335,2.0833333333333335,2.0833333333333335
12.546076889,1790239913.7258265,-0.15,0.0,-2.0833333333333335,-2.0833333333333335,-2.0833333333333335,-2.0833333333333335
13.056666224,1790239914.236384,-0.15,0.0,-2.0833333333333335,-2.0833333333333335,-2.0833333333333335,-2.0833333333333335
13.125485431000001,1790239914.3052516,-0.15,0.0,-2.0833333333333335,-2.0833333333333335,-2.0833333333333335,-2.0833333333333335
13.275594360000001,1790239914.455318,-0.15,0.0,-2.0833333333333335,-2.0833333333333335,-2.0833333333333335,-2.0833333333333335
13.292619980000001,1790239914.4723861,-0.15,0.0,-2.0833333333333335,-2.0833333333333335,-2.0833333333333335,-2.0833333333333335
13.359346038,1790239914.5390918,-0.15,0.0,-2.0833333333333335,-2.0833333333333335,-2.0833333333333335,-2.0833333333333335
13.458644307,1790239914.638501,-0.15,0.0,-2.0833333333333335,-2.0833333333333335,-2.0833333333333335,-2.0833333333333335
13.527059344000001,1790239914.7068756,-0.15,0.0,-2.0833333333333335,-2.0833333333333335,-2.0833333333333335,-2.0833333333333335
13.623230545,1790239914.802939,-0.15,0.0,-2.0833333333333335,-2.0833333333333335,-2.0833333333333335,-2.0833333333333335
13.696975176,1790239914.8767855,-0.15,0.0,-2.0833333333333335,-2.0833333333333335,-2.0833333333333335,-2.0833333333333335
13.799557547000001,1790239914.9793246,-0.15,0.0,-2.0833333333333335,-2.0833333333333335,-2.0833333333333335,-2.0833333333333335
13.85810236,1790239915.0378158,-0.15,0.0,-2.0833333333333335,-2.0833333333333335,-2.0833333333333335,-2.0833333333333335
13.953282975,1790239915.1330357,-0.15,0.0,-2.0833333333333335,-2.0833333333333335,-2.0833333333333335,-2.0833333333333335
14.024917944,1790239915.2047617,-0.15,0.0,-2.0833333333333335,-2.0833333333333335,-2.0833333333333335,-2.0833333333333335
14.205281709000001,1790239915.385002,0.0,1.0,-1.527777777777778,1.527777777777778,-1.527777777777778,1.527777777777778
14.732684718000002,1790239915.9125383,0.0,1.0,-1.527777777777778,1.527777777777778,-1.527777777777778,1.527777777777778
14.848528026,1790239916.028294,0.0,1.0,-1.527777777777778,1.527777777777778,-1.527777777777778,1.527777777777778
14.872630240000001,1790239916.05243,0.0,1.0,-1.527777777777778,1.527777777777778,-1.527777777777778,1.527777777777778
14.942257736,1790239916.1219807,0.0,1.0,-1.527777777777778,1.527777777777778,-1.527777777777778,1.527777777777778
15.036282605,1790239916.216039,0.0,1.0,-1.527777777777778,1.527777777777778,-1.527777777777778,1.527777777777778
15.127906092000002,1790239916.3076518,0.0,1.0,-1.527777777777778,1.527777777777778,-1.527777777777778,1.527777777777778
15.199812625000002,1790239916.379598,0.0,1.0,-1.527777777777778,1.527777777777778,-1.527777777777778,1.527777777777778
15.377550679,1790239916.5572925,0.0,1.0,-1.527777777777778,1.527777777777778,-1.527777777777778,1.527777777777778
15.380702591,1790239916.560425,0.0,1.0,-1.527777777777778,1.527777777777778,-1.527777777777778,1.527777777777778
15.474023181000002,1790239916.653864,0.0,1.0,-1.527777777777778,1.527777777777778,-1.527777777777778,1.527777777777778
15.54624951,1790239916.7260046,0.0,1.0,-1.527777777777778,1.527777777777778,-1.527777777777778,1.527777777777778
15.625999939000002,1790239916.8057299,0.0,1.0,-1.527777777777778,1.527777777777778,-1.527777777777778,1.527777777777778
15.694440701000001,1790239916.8741872,0.0,1.0,-1.527777777777778,1.527777777777778,-1.527777777777778,1.527777777777778
15.796122068,1790239916.9758527,0.0,1.0,-1.527777777777778,1.527777777777778,-1.527777777777778,1.527777777777778
15.897424367000001,1790239917.0774088,0.0,1.0,-1.527777777777778,1.527777777777778,-1.527777777777778,1.527777777777778
16.110665911,1790239917.2903762,0.0,-1.0,1.527777777777778,-1.527777777777778,1.527777777777778,-1.527777777777778
16.639201933000002,1790239917.818953,0.0,-1.0,1.527777777777778,-1.527777777777778,1.527777777777778,-1.527777777777778
16.682324945,1790239917.8620274,0.0,-1.0,1.527777777777778,-1.527777777777778,1.527777777777778,-1.527777777777778
16.776070591,1790239917.9558837,0.0,-1.0,1.527777777777778,-1.527777777777778,1.527777777777778,-1.527777777777778
16.846150902,1790239918.0259027,0.0,-1.0,1.527777777777778,-1.527777777777778,1.527777777777778,-1.527777777777778
16.948681598,1790239918.1284604,0.0,-1.0,1.527777777777778,-1.527777777777778,1.527777777777778,-1.527777777777778
17.020385678,1790239918.2001162,0.0,-1.0,1.527777777777778,-1.527777777777778,1.527777777777778,-1.527777777777778
17.115209511,1790239918.2949703,0.0,-1.0,1.527777777777778,-1.527777777777778,1.527777777777778,-1.527777777777778
17.183452925,1790239918.3631878,0.0,-1.0,1.527777777777778,-1.527777777777778,1.527777777777778,-1.527777777777778
17.278803692,1790239918.4585657,0.0,-1.0,1.527777777777778,-1.527777777777778,1.527777777777778,-1.527777777777778
17.366669526000003,1790239918.546374,0.0,-1.0,1.527777777777778,-1.527777777777778,1.527777777777778,-1.527777777777778
17.467712964,1790239918.6477745,0.0,-1.0,1.527777777777778,-1.527777777777778,1.527777777777778,-1.527777777777778
17.528733793,1790239918.7085886,0.0,-1.0,1.527777777777778,-1.527777777777778,1.527777777777778,-1.527777777777778
17.626441671000002,1790239918.806233,0.0,-1.0,1.527777777777778,-1.527777777777778,1.527777777777778,-1.527777777777778
17.698627475000002,1790239918.8783505,0.0,-1.0,1.527777777777778,-1.527777777777778,1.527777777777778,-1.527777777777778
17.768252363000002,1790239918.947974,0.0,-1.0,1.527777777777778,-1.527777777777778,1.527777777777778,-1.527777777777778
17.866861085,1790239919.0465808,0.0,-1.0,1.527777777777778,-1.527777777777778,1.527777777777778,-1.527777777777778
17.993109195000002,1790239919.1729393,0.0,-1.0,1.527777777777778,-1.527777777777778,1.527777777777778,-1.527777777777778
18.038158166000002,1790239919.2178695,0.0,-1.0,1.527777777777778,-1.527777777777778,1.527777777777778,-1.527777777777778
18.110064799,1790239919.2899468,0.0,-1.0,1.527777777777778,-1.527777777777778,1.527777777777778,-1.527777777777778
18.206287917,1790239919.3859813,0.0,-1.0,1.527777777777778,-1.527777777777778,1.527777777777778,-1.527777777777778
18.275157587000002,1790239919.4549053,0.0,-1.0,1.527777777777778,-1.527777777777778,1.527777777777778,-1.527777777777778
18.360192969,1790239919.5399053,0.0,-1.0,1.527777777777778,-1.527777777777778,1.527777777777778,-1.527777777777778
18.517703429,1790239919.6974401,0.0,-1.0,1.527777777777778,-1.527777777777778,1.527777777777778,-1.527777777777778
42.369516406,1790239943.5493221,0.0,0.0,0.0,0.0,0.0,0.0
