time_s,ref_left,ref_right,meas_left,meas_right
0.18806804900000001,0.0,0.0,0.0,0.0
0.189732324,0.0,0.0,0.0,0.0
0.19119639700000002,0.0,0.0,0.0,0.0
0.19305165600000002,0.0,0.0,0.0,0.0
0.19471832700000002,0.0,0.0,0.0,0.0
0.196343957,0.0,0.0,0.0,0.0
0.197872924,0.0,0.0,0.0,0.0
0.199331111,0.0,0.0,0.0,0.0
0.200891223,0.0,0.0,0.0,0.0
0.202349879,0.0,0.0,0.0,0.0
0.203905876,0.0,0.0,0.0,0.0
0.205469009,0.0,0.0,0.0,0.0
0.20697979900000002,0.0,0.0,0.0,0.0
0.20853048300000002,0.0,0.0,0.0,0.0
0.21004794000000002,0.0,0.0,0.0,0.0
0.211590187,0.0,0.0,0.0,0.0
0.213111706,0.0,0.0,0.0,0.0
0.214582862,0.0,0.0,0.0,0.0
0.216201097,0.0,0.0,0.0,0.0
0.2177047,0.0,0.0,0.0,0.0
0.219156012,0.0,0.0,0.0,0.0
0.22080950600000002,0.0,0.0,0.0,0.0
0.22228508900000002,0.0,0.0,0.0,0.0
0.223834264,0.0,0.0,0.0,0.0
0.225427551,0.0,0.0,0.0,0.0
0.22696500700000002,0.0,0.0,0.0,0.0
0.22856188800000002,0.0,0.0,0.0,0.0
0.23005429400000002,0.0,0.0,0.0,0.0
0.231645758,0.0,0.0,0.0,0.0
0.233130351,0.0,0.0,0.0,0.0
0.23459911100000003,0.0,0.0,0.0,0.0
0.236235887,0.0,0.0,0.0,0.0
0.23773954200000003,0.0,0.0,0.0,0.0
0.247890189,5.0,5.0,0.0,0.0
0.25813593700000004,5.0,5.0,0.0,0.0
0.271793514,5.0,5.0,0.0,0.0
0.293871319,5.0,5.0,0.14,0.28
0.29691743000000004,5.0,5.0,0.421,0.421
0.29903898300000004,5.0,5.0,0.841,0.982
0.31217668000000004,5.0,5.0,1.683,1.823
0.334277922,5.0,5.0,2.384,2.384
0.33814067600000003,5.0,5.0,3.085,2.945
0.341924265,5.0,5.0,3.646,3.646
0.35270442500000004,5.0,5.0,4.207,4.067
0.372130691,5.0,5.0,4.488,4.488
0.37415474800000004,5.0,5.0,4.768,4.628
0.39257187600000004,5.0,5.0,4.909,4.909
0.39478696900000004,5.0,5.0,5.189,5.049
0.39702654000000004,5.0,5.0,5.189,5.189
0.412581719,5.0,5.0,5.189,5.189
0.434257557,5.0,5.0,5.329,5.329
0.43776589400000004,5.0,5.0,5.189,5.329
0.439821616,5.0,5.0,5.329,5.329
0.45253172100000005,5.0,5.0,5.329,5.329
0.47188778000000003,5.0,5.0,5.189,5.329
0.47344893400000004,5.0,5.0,5.329,5.189
0.49366283400000005,5.0,5.0,5.189,5.329
0.497329395,5.0,5.0,5.049,5.049
0.5006588310000001,5.0,5.0,5.049,5.189
0.511776376,5.0,5.0,5.049,5.049
0.53408683,5.0,5.0,5.049,5.049
0.5370114340000001,5.0,5.0,4.909,4.909
0.5390445,5.0,5.0,5.049,4.909
0.5520607940000001,5.0,5.0,4.909,4.768
0.5720961560000001,5.0,5.0,4.909,4.909
0.5741784400000001,5.0,5.0,4.909,4.768
0.5930921680000001,5.0,5.0,4.909,4.909
0.596020053,5.0,5.0,4.909,4.909
0.5982839990000001,5.0,5.0,5.049,4.909
0.612482914,5.0,5.0,4.909,4.909
0.6341492200000001,5.0,5.0,4.909,4.909
0.637824896,5.0,5.0,5.049,5.049
0.641469583,5.0,5.0,5.049,5.049
0.6524170810000001,5.0,5.0,4.909,5.049
0.672132974,5.0,5.0,5.189,4.909
0.673975004,5.0,5.0,5.049,5.049
0.692705561,5.0,5.0,4.909,4.768
0.695087628,5.0,5.0,4.909,5.049
0.697383447,5.0,5.0,5.049,4.909
0.712662436,5.0,5.0,4.909,5.049
0.734115571,5.0,5.0,4.909,5.049
0.7376145850000001,5.0,5.0,4.909,5.189
0.73957432,5.0,5.0,4.909,5.049
0.7525082200000001,5.0,5.0,4.909,5.049
0.771947975,5.0,5.0,5.049,5.189
0.773692196,5.0,5.0,5.049,5.049
0.793595322,5.0,5.0,4.909,5.049
0.7973185490000001,5.0,5.0,5.049,5.049
0.800737357,5.0,5.0,5.049,5.049
0.8116980840000001,5.0,5.0,4.909,5.049
0.834232594,5.0,5.0,5.049,4.909
0.8372579240000001,5.0,5.0,5.189,5.049
0.839255627,5.0,5.0,4.909,4.909
0.852040937,5.0,5.0,5.049,5.049
0.872010052,5.0,5.0,5.049,4.909
0.8735879230000001,5.0,5.0,4.909,4.909
0.893530476,5.0,5.0,5.049,5.049
0.8965774200000001,5.0,5.0,5.049,5.049
0.899664102,5.0,5.0,4.909,5.049
0.9126986760000001,5.0,5.0,4.909,5.049
0.9327990890000001,5.0,5.0,5.049,5.189
0.9351824580000001,5.0,5.0,4.909,5.049
0.937357761,5.0,5.0,4.909,5.049
0.952425662,5.0,5.0,5.049,5.189
0.972077285,5.0,5.0,4.909,5.049
0.9736788540000001,5.0,5.0,4.909,5.189
0.9936577080000001,5.0,5.0,4.909,5.049
0.99725224,5.0,5.0,5.049,5.189
1.000598134,5.0,5.0,4.768,5.189
1.011764845,5.0,5.0,5.049,5.189
1.034219357,5.0,5.0,5.049,5.189
1.03721474,5.0,5.0,4.909,5.189
1.0392449940000001,5.0,5.0,4.909,5.189
1.052035252,5.0,5.0,5.189,5.049
1.072139258,5.0,5.0,4.909,5.189
1.07375942,5.0,5.0,5.049,5.189
1.0935467170000002,5.0,5.0,5.189,4.909
1.096706991,5.0,5.0,5.049,5.049
1.098980051,5.0,5.0,5.049,5.049
1.1124500290000001,5.0,5.0,5.189,5.049
1.1339310790000001,5.0,5.0,5.189,5.049
1.137482853,5.0,5.0,4.909,5.189
1.1408939,5.0,5.0,5.189,5.049
1.151781192,5.0,5.0,4.909,5.049
1.171967124,5.0,5.0,4.909,5.189
1.1736709810000001,5.0,5.0,5.049,5.189
1.193489162,5.0,5.0,4.768,5.049
1.196857035,5.0,5.0,4.909,5.189
1.198931871,5.0,5.0,4.909,5.049
1.212194199,5.0,5.0,4.909,5.049
1.234050499,5.0,5.0,4.909,5.049
1.237758361,5.0,5.0,5.189,5.189
1.2413201340000002,5.0,5.0,5.049,5.189
1.252505073,5.0,5.0,4.909,5.189
1.272137896,5.0,5.0,5.189,5.189
1.2739795090000001,5.0,5.0,5.049,5.189
1.2929138100000002,5.0,5.0,5.049,5.189
1.2953703540000001,5.0,5.0,5.049,5.189
1.297658049,5.0,5.0,5.049,5.049
1.312461895,5.0,5.0,4.909,5.049
1.334015079,5.0,5.0,5.049,5.049
1.337558623,5.0,5.0,5.049,4.909
1.3409249330000002,5.0,5.0,5.049,4.909
1.352538558,5.0,5.0,5.049,4.909
1.3721153400000001,5.0,5.0,5.049,4.628
1.3742347060000002,5.0,5.0,5.049,4.768
1.3761029340000002,5.0,5.0,5.189,4.768
1.3924185070000001,5.0,5.0,5.049,4.768
1.4141020000000002,5.0,5.0,5.049,4.768
1.417800852,5.0,5.0,5.049,4.909
1.419762463,5.0,5.0,5.049,4.909
1.432463661,5.0,5.0,5.189,4.909
1.453833308,5.0,5.0,5.049,4.909
1.4576137200000001,5.0,5.0,5.189,5.049
1.461545118,5.0,5.0,5.049,4.768
1.47304984,5.0,5.0,5.049,5.049
1.492913541,5.0,5.0,5.049,5.049
1.49527264,5.0,5.0,5.049,4.909
1.497451952,5.0,5.0,4.909,4.909
1.512727243,5.0,5.0,5.049,5.049
1.5336389860000001,5.0,5.0,4.909,4.909
1.5367424900000002,5.0,5.0,4.909,5.049
1.538902012,5.0,5.0,5.049,5.049
1.552416623,5.0,5.0,5.049,4.909
1.572399539,5.0,5.0,4.768,5.049
1.5739032460000002,5.0,5.0,5.049,5.189
1.593730697,5.0,5.0,4.909,4.768
1.597402363,5.0,5.0,4.909,5.049
1.600803827,5.0,5.0,4.909,4.909
1.6117235140000001,5.0,5.0,5.049,4.909
1.634242659,5.0,5.0,5.049,4.768
1.637324341,5.0,5.0,5.049,4.909
1.6393320960000002,5.0,5.0,5.189,4.768
1.652032304,5.0,5.0,5.189,4.768
1.671827412,5.0,5.0,5.049,4.909
1.673434606,5.0,5.0,5.189,4.768
1.6941168240000002,5.0,5.0,4.909,4.768
1.6978727580000001,5.0,5.0,5.049,4.768
1.6997736410000002,5.0,5.0,5.049,4.768
1.712431038,5.0,5.0,5.049,4.768
1.7327268610000002,5.0,5.0,4.909,4.909
1.7350392430000001,5.0,5.0,5.049,4.768
1.737332198,5.0,5.0,4.909,4.909
1.7524315560000001,5.0,5.0,4.909,4.909
1.7720648460000001,5.0,5.0,5.049,4.909
1.773686362,5.0,5.0,4.909,4.768
1.7941572840000002,5.0,5.0,5.049,4.768
1.7977053070000002,5.0,5.0,5.049,4.909
1.7998168090000002,5.0,5.0,5.049,4.768
1.8124745180000001,5.0,5.0,5.049,4.909
1.83374297,5.0,5.0,4.909,4.909
1.837435729,5.0,5.0,5.049,5.049
1.840876203,5.0,5.0,4.909,4.909
1.8517175060000002,5.0,5.0,4.909,5.049
1.871953331,5.0,5.0,5.049,5.189
1.8741283210000002,5.0,5.0,4.909,5.189
1.8934897960000001,5.0,5.0,4.909,5.049
1.8966212160000002,5.0,5.0,5.049,5.189
1.898721364,5.0,5.0,4.909,5.049
1.912452116,5.0,5.0,4.768,5.049
1.9340477450000002,5.0,5.0,4.909,5.189
1.937636184,5.0,5.0,5.049,4.909
1.9395547750000002,5.0,5.0,4.768,5.049
1.9521480590000002,5.0,5.0,4.909,5.189
1.972041342,5.0,5.0,5.049,4.909
1.9735494750000002,5.0,5.0,4.768,5.049
1.9937939980000001,5.0,5.0,4.909,5.049
1.997356812,5.0,5.0,5.049,5.049
2.000802703,5.0,5.0,4.768,5.049
2.011780825,5.0,5.0,4.909,5.049
2.034072581,5.0,5.0,5.049,5.049
2.037583782,5.0,5.0,4.768,5.049
2.039662056,5.0,5.0,4.909,4.909
2.0522168510000003,5.0,5.0,5.049,5.049
2.072433927,5.0,5.0,5.049,4.909
2.074030079,5.0,5.0,4.909,4.909
2.0941797600000003,5.0,5.0,5.189,4.909
2.0978947580000002,5.0,5.0,5.189,4.909
2.101504498,5.0,5.0,5.049,5.049
2.1124180910000003,5.0,5.0,5.049,4.909
2.1327021960000003,5.0,5.0,5.189,4.909
2.1349649950000003,5.0,5.0,4.909,5.049
2.1373785720000003,5.0,5.0,5.189,4.909
2.152391943,5.0,5.0,5.189,5.049
2.1723617340000003,5.0,5.0,4.909,5.049
2.173958771,5.0,5.0,5.189,5.189
2.193777056,5.0,5.0,5.049,5.049
2.1968154060000002,5.0,5.0,5.049,5.049
2.199400592,5.0,5.0,5.049,5.189
2.2129151520000003,5.0,5.0,5.189,5.189
2.23378898,5.0,5.0,5.049,5.049
2.2372725780000002,5.0,5.0,5.049,5.049
2.240691958,5.0,5.0,5.189,5.189
2.251723412,5.0,5.0,4.909,5.049
2.272208345,5.0,5.0,4.909,5.189
2.273953191,5.0,5.0,5.049,5.049
2.2937145500000002,5.0,5.0,4.768,5.049
2.2969214890000003,5.0,5.0,4.768,5.189
2.2990751250000003,5.0,5.0,4.909,5.049
2.3124529700000003,5.0,5.0,4.768,5.049
2.334118337,5.0,5.0,4.768,5.189
2.3380339020000003,5.0,5.0,5.049,5.049
2.340049573,5.0,5.0,4.909,5.189
2.352535517,5.0,5.0,4.909,5.049
2.3717456940000003,5.0,5.0,4.909,5.189
2.3732458590000003,5.0,5.0,5.189,5.189
2.3936545440000003,5.0,5.0,4.909,5.189
2.397288554,5.0,5.0,4.909,5.189
2.400720279,5.0,5.0,5.189,5.049
2.411759389,5.0,5.0,5.049,5.049
2.434146558,5.0,5.0,5.049,5.049
2.437495524,5.0,5.0,5.329,5.049
2.439595777,5.0,5.0,5.049,5.049
2.4522205180000003,5.0,5.0,5.049,5.189
2.471859069,5.0,5.0,5.049,5.049
2.4733457970000003,5.0,5.0,5.049,5.189
2.4941011900000003,5.0,5.0,5.049,5.049
2.497745981,5.0,5.0,5.049,5.189
2.5014229070000003,5.0,5.0,4.909,5.329
2.512560868,5.0,5.0,4.909,5.189
2.532696799,5.0,5.0,5.049,5.189
2.5350485540000003,5.0,5.0,4.909,5.049
2.5372690110000002,5.0,5.0,4.768,5.049
2.552409253,5.0,5.0,5.049,5.049
2.571752759,5.0,5.0,4.768,5.049
2.573354536,5.0,5.0,4.909,5.049
2.594302684,5.0,5.0,4.909,5.049
2.5978502900000002,5.0,5.0,4.909,4.909
2.600767029,5.0,5.0,4.909,5.049
2.612431537,5.0,5.0,5.049,4.909
2.632753193,5.0,5.0,5.049,4.909
2.635163071,5.0,5.0,4.909,5.049
2.637348998,5.0,5.0,5.049,4.909
2.6524004920000004,5.0,5.0,5.189,4.909
2.6721365390000003,5.0,5.0,5.049,4.909
2.673852896,5.0,5.0,5.049,5.049
2.6936743570000004,5.0,5.0,5.329,4.909
2.696763696,5.0,5.0,5.049,5.049
2.699098368,5.0,5.0,5.189,4.909
2.712439443,5.0,5.0,5.189,5.049
2.734099601,5.0,5.0,5.049,4.768
2.737747621,5.0,5.0,5.049,5.049
2.740286819,5.0,5.0,4.909,5.049
2.752480583,5.0,5.0,5.049,4.909
2.7718288810000002,5.0,5.0,4.909,5.049
2.773380034,5.0,5.0,5.189,4.909
2.7925778670000003,5.0,5.0,4.909,4.768
2.7953388820000002,5.0,5.0,5.049,4.768
2.797954952,5.0,5.0,5.189,4.768
2.8121349610000004,5.0,5.0,5.189,4.628
2.834193494,5.0,5.0,4.909,4.768
2.837155908,5.0,5.0,5.049,4.909
2.8390789780000003,5.0,5.0,5.049,4.768
2.852433125,5.0,5.0,4.909,4.909
2.871709082,5.0,5.0,4.909,4.909
2.8732225280000003,5.0,5.0,5.049,4.909
2.894102604,5.0,5.0,4.909,4.909
2.8977514060000003,5.0,5.0,5.049,4.909
2.900352112,5.0,5.0,5.189,4.909
2.9126561850000003,5.0,5.0,5.049,4.909
2.932675349,5.0,5.0,5.049,5.049
2.935081738,5.0,5.0,5.049,4.768
2.937271988,5.0,5.0,4.909,5.049
2.9524471240000003,5.0,5.0,5.049,4.909
2.972576806,5.0,5.0,5.189,4.909
2.9743689420000003,5.0,5.0,4.909,4.768
2.976472996,5.0,5.0,4.909,4.909
2.993168297,5.0,5.0,5.049,4.909
3.0141213930000004,5.0,5.0,4.909,4.909
3.01796472,5.0,5.0,4.768,4.909
3.021588105,5.0,5.0,5.049,4.909
3.0324125850000003,5.0,5.0,4.909,4.768
3.052731428,5.0,5.0,4.768,4.909
3.0550389140000003,5.0,5.0,5.049,4.909
3.0574343660000003,5.0,5.0,5.049,4.768
3.071915772,5.0,5.0,4.909,4.909
3.093709989,5.0,5.0,4.909,4.909
3.096882658,5.0,5.0,5.049,4.768
3.099305037,5.0,5.0,4.909,4.909
3.112491272,5.0,5.0,4.909,4.909
3.1341441910000003,5.0,5.0,4.909,4.909
3.137746744,5.0,5.0,4.768,4.909
3.1409267560000003,5.0,5.0,4.909,5.049
3.152323512,5.0,5.0,5.049,5.049
3.172298042,5.0,5.0,4.768,5.049
3.174065022,5.0,5.0,5.049,5.189
3.192438869,5.0,5.0,5.189,5.189
3.194607452,5.0,5.0,4.909,5.049
3.196742183,5.0,5.0,5.189,5.049
3.212748754,5.0,5.0,5.189,5.049
3.234083973,5.0,5.0,5.049,4.909
3.237600747,5.0,5.0,5.049,5.049
3.2401862980000002,5.0,5.0,5.049,5.049
3.2524404770000004,5.0,5.0,5.049,4.909
3.272015799,5.0,5.0,4.909,5.049
3.273563932,5.0,5.0,4.909,5.049
3.2936158030000002,5.0,5.0,5.049,4.909
3.2973141860000004,5.0,5.0,4.768,5.049
3.300828096,5.0,5.0,4.909,5.189
3.31172398,5.0,5.0,4.909,5.049
3.3344821280000003,5.0,5.0,4.768,5.049
3.337509281,5.0,5.0,4.909,5.049
3.339377716,5.0,5.0,4.909,5.049
3.3524592670000004,5.0,5.0,4.909,4.909
3.371708662,5.0,5.0,4.909,5.049
3.373211796,5.0,5.0,5.049,4.909
3.3939144810000004,5.0,5.0,5.049,5.049
3.397405162,5.0,5.0,4.909,5.049
3.401086723,5.0,5.0,5.049,5.049
3.412540508,5.0,5.0,5.049,5.049
3.432671596,5.0,5.0,5.049,5.049
3.435013456,5.0,5.0,5.049,5.049
3.437211413,5.0,5.0,5.189,4.909
3.452353947,5.0,5.0,4.909,5.049
3.472136555,5.0,5.0,5.189,5.049
3.473754113,5.0,5.0,5.049,5.049
3.494208108,5.0,5.0,4.909,5.049
3.497742537,5.0,5.0,5.049,5.189
3.501174209,5.0,5.0,5.049,5.049
3.512570235,5.0,5.0,4.909,5.049
3.532704187,5.0,5.0,5.049,5.049
3.534996725,5.0,5.0,5.049,5.189
3.537454883,5.0,5.0,4.768,5.049
3.5526764770000003,5.0,5.0,4.909,5.189
3.5719985760000004,5.0,5.0,5.049,5.189
3.573488273,5.0,5.0,4.909,5.189
3.5941876770000003,5.0,5.0,5.049,5.049
3.5977264300000003,5.0,5.0,5.189,5.189
3.600957014,5.0,5.0,5.049,5.049
3.612338509,5.0,5.0,5.049,5.189
3.633857577,5.0,5.0,5.329,5.049
3.6374713790000004,5.0,5.0,5.189,5.049
3.640864354,5.0,5.0,5.049,5.189
3.651735291,5.0,5.0,5.189,5.189
3.671984865,5.0,5.0,5.189,5.049
3.67419053,5.0,5.0,4.909,5.329
3.6930606640000003,5.0,5.0,5.049,5.189
3.695931936,5.0,5.0,4.909,5.189
3.698208745,5.0,5.0,4.768,5.189
3.712546353,5.0,5.0,4.909,5.329
3.7341163570000004,5.0,5.0,4.909,5.189
3.73775995,5.0,5.0,4.768,5.189
3.74060716,5.0,5.0,4.909,5.189
3.752413799,5.0,5.0,4.909,5.189
3.771921883,5.0,5.0,4.909,5.189
3.7734456410000004,5.0,5.0,5.049,5.329
3.7937315160000002,5.0,5.0,4.909,4.909
3.7974502630000004,5.0,5.0,4.768,5.049
3.8009220380000004,5.0,5.0,5.049,5.049
3.8117327160000003,5.0,5.0,5.049,5.049
3.834158581,5.0,5.0,4.909,4.909
3.837722228,5.0,5.0,4.909,5.049
3.83987977,5.0,5.0,4.909,4.909
3.8525448750000004,5.0,5.0,5.049,4.909
3.871960097,5.0,5.0,4.909,4.909
3.873463231,5.0,5.0,4.909,5.049
3.893763219,5.0,5.0,5.049,4.909
3.8974025410000004,5.0,5.0,4.909,5.049
3.901112174,5.0,5.0,5.049,5.049
3.912279874,5.0,5.0,5.189,4.909
3.9326993380000004,5.0,5.0,5.049,4.909
3.935176558,5.0,5.0,5.049,5.049
3.9374037860000004,5.0,5.0,5.189,4.768
3.9526864190000004,5.0,5.0,5.049,4.909
3.971713475,5.0,5.0,5.189,4.909
3.973216192,5.0,5.0,5.189,4.768
3.9938839830000004,5.0,5.0,5.049,4.909
3.9974915350000004,5.0,5.0,5.189,4.909
4.001198824,5.0,5.0,5.049,4.768
4.01245475,5.0,5.0,5.049,4.768
4.032684011000001,5.0,5.0,5.049,4.909
4.035024048,5.0,5.0,5.189,4.768
4.037191902,5.0,5.0,5.049,4.768
4.0523826110000005,5.0,5.0,5.049,4.909
4.0720998040000005,5.0,5.0,5.049,4.909
4.07374184,5.0,5.0,5.049,4.768
4.093747774000001,5.0,5.0,4.909,4.909
4.096801801000001,5.0,5.0,4.909,5.049
4.09970979,5.0,5.0,4.909,4.768
4.112503276,5.0,5.0,4.909,4.909
4.1335353790000005,5.0,5.0,4.909,4.909
4.137107567,5.0,5.0,5.049,4.768
4.140576426,5.0,5.0,4.909,4.909
4.151751104000001,5.0,5.0,4.909,4.909
4.172528787,5.0,5.0,5.049,4.768
4.174254467,5.0,5.0,4.768,4.909
4.193100903,5.0,5.0,5.049,4.909
4.195782701000001,5.0,5.0,4.909,4.768
4.198260390000001,5.0,5.0,4.768,4.909
4.213133452,5.0,5.0,4.909,4.909
4.2336770790000005,5.0,5.0,5.049,5.049
4.237142083,5.0,5.0,4.768,4.909
4.240659899000001,5.0,5.0,4.909,5.049
4.252093892,5.0,5.0,5.189,4.909
4.2720211830000006,5.0,5.0,4.909,4.909
4.273715145000001,5.0,5.0,5.049,5.049
4.293091879,5.0,5.0,4.909,4.909
4.295790864000001,5.0,5.0,5.189,4.909
4.2982876150000005,5.0,5.0,4.909,5.049
4.312668919,5.0,5.0,5.049,4.909
4.3323971530000005,5.0,5.0,5.049,4.909
4.335603519,5.0,5.0,5.049,4.909
4.33849078,5.0,5.0,5.049,5.049
4.351803001,5.0,5.0,5.189,4.909
4.372467458,5.0,5.0,4.909,4.909
4.374176471,5.0,5.0,5.189,4.909
4.376186205000001,5.0,5.0,4.909,4.909
4.393272953,5.0,5.0,5.049,4.909
4.413738353,5.0,5.0,5.049,5.049
4.417411633,5.0,5.0,5.049,4.909
4.421133661000001,5.0,5.0,4.768,4.909
4.432418232,5.0,5.0,5.049,5.049
4.452685982,5.0,5.0,5.049,5.049
4.454938626000001,5.0,5.0,4.909,5.049
4.457571727,5.0,5.0,4.909,5.049
4.472788372,5.0,5.0,5.049,5.049
4.493696885,5.0,5.0,4.909,5.049
4.4969712170000005,5.0,5.0,5.049,5.049
4.499982276,5.0,5.0,5.049,5.049
4.512895237,5.0,5.0,5.049,5.049
4.533545892,5.0,5.0,5.049,5.189
4.53658919,5.0,5.0,5.189,4.909
4.539591135,5.0,5.0,5.049,5.049
4.5517963560000005,5.0,5.0,4.909,5.049
4.572850489,5.0,5.0,5.049,5.049
4.574574866,5.0,5.0,4.909,4.909
4.576574027,5.0,5.0,4.909,5.049
4.592765123,5.0,5.0,4.909,5.049
4.614094456,5.0,5.0,5.049,4.909
4.617564669,5.0,5.0,5.049,4.909
4.6206526000000006,5.0,5.0,5.049,4.909
4.632518612,5.0,5.0,5.049,4.909
4.653693263,5.0,5.0,4.909,4.909
4.6573263350000005,5.0,5.0,5.049,5.049
4.661195859,5.0,5.0,5.049,5.049
4.673032653,5.0,5.0,4.768,5.189
4.692978537,5.0,5.0,4.909,5.049
4.695337062,5.0,5.0,5.049,5.189
4.697564498,5.0,5.0,4.909,5.049
4.7127682790000005,5.0,5.0,5.049,5.049
4.734056259,5.0,5.0,5.049,5.049
4.738163172,5.0,5.0,5.049,4.909
4.741892804,5.0,5.0,5.049,5.049
4.751813091000001,5.0,5.0,5.189,5.049
4.772620928,5.0,5.0,5.189,4.909
4.774337389,5.0,5.0,4.909,5.049
4.793415433000001,5.0,5.0,5.189,5.049
4.7964558660000005,5.0,5.0,5.049,5.189
4.799378491000001,5.0,5.0,4.909,5.049
4.812580870000001,5.0,5.0,5.049,5.049
4.832649563,5.0,5.0,4.909,5.189
4.835921864,5.0,5.0,4.768,5.049
4.838780949,5.0,5.0,4.909,5.189
4.851763751,5.0,5.0,5.049,5.189
4.872230245,5.0,5.0,4.768,5.189
4.8741222220000004,5.0,5.0,4.909,5.189
4.893061155000001,5.0,5.0,4.909,5.189
4.8960003930000005,5.0,5.0,4.909,5.189
4.898171528000001,5.0,5.0,4.909,5.189
4.912649601,5.0,5.0,5.049,5.189
4.933843104,5.0,5.0,4.768,5.049
4.937436438000001,5.0,5.0,5.049,5.189
4.940963368,5.0,5.0,5.049,5.189
4.9523304360000004,5.0,5.0,5.049,5.189
4.9718300300000005,5.0,5.0,4.909,5.049
4.973455504,5.0,5.0,5.049,5.189
4.992539069,5.0,5.0,5.049,5.049
4.994604374000001,5.0,5.0,4.909,5.189
5.013089779,5.0,5.0,4.909,5.329
5.015855532000001,5.0,5.0,5.049,5.189
5.018305826000001,5.0,5.0,4.909,5.329
5.032798586,5.0,5.0,5.049,5.189
5.053692879000001,5.0,5.0,5.049,5.189
5.057403241,5.0,5.0,4.909,5.189
5.0613270340000005,5.0,5.0,5.049,5.049
5.072959824000001,5.0,5.0,5.189,4.909
5.092842115000001,5.0,5.0,5.049,5.049
5.096122802,5.0,5.0,5.049,4.909
5.09899574,5.0,5.0,5.049,5.049
5.1119246380000005,5.0,5.0,4.909,4.909
5.134245922000001,5.0,5.0,4.909,4.909
5.1376307720000005,5.0,5.0,4.909,4.909
5.139750086,5.0,5.0,4.909,4.909
5.152234101,5.0,5.0,4.768,4.909
5.172490184,5.0,5.0,5.049,4.909
5.1740011820000005,5.0,5.0,5.049,4.768
5.19356515,5.0,5.0,4.909,4.909
5.197239523,5.0,5.0,5.049,4.768
5.200665101,5.0,5.0,5.189,4.909
5.211758011000001,5.0,5.0,4.909,4.909
5.23273975,5.0,5.0,5.049,5.049
5.235049787,5.0,5.0,5.189,4.768
5.237263734,5.0,5.0,5.049,5.049
5.2527727660000005,5.0,5.0,4.909,5.049
5.272117625,5.0,5.0,5.049,4.909
5.273631748000001,5.0,5.0,5.049,5.049
5.293532477,5.0,5.0,5.049,5.049
5.297159768,5.0,5.0,5.049,4.768
5.3006677920000005,5.0,5.0,5.049,4.768
5.312484482,5.0,5.0,5.049,5.049
5.3327203050000005,5.0,5.0,5.189,4.768
5.335804539000001,5.0,5.0,4.909,4.768
5.339013822,5.0,5.0,5.049,5.049
5.351842723000001,5.0,5.0,5.049,5.049
5.372012038,5.0,5.0,5.049,4.768
5.373749904,5.0,5.0,4.909,5.049
5.393086066,5.0,5.0,5.049,5.049
5.395762186000001,5.0,5.0,4.909,4.768
5.397870823000001,5.0,5.0,4.909,5.049
5.412654981,5.0,5.0,5.049,4.768
5.433285011000001,5.0,5.0,5.049,4.768
5.436478304,5.0,5.0,5.049,4.909
5.4393039000000005,5.0,5.0,5.049,4.768
5.4517454160000005,5.0,5.0,5.049,4.768
5.472018530000001,5.0,5.0,4.909,4.768
5.474020191,5.0,5.0,5.189,4.909
5.492738714000001,5.0,5.0,5.049,4.628
5.495160102000001,5.0,5.0,4.909,4.909
5.4973170190000005,5.0,5.0,5.189,4.909
5.512956151,5.0,5.0,5.189,4.909
5.5337428950000005,5.0,5.0,5.049,4.909
5.536885461000001,5.0,5.0,5.049,4.909
5.540133336,5.0,5.0,5.049,4.909
5.552549748000001,5.0,5.0,4.909,4.909
5.571844192,5.0,5.0,4.909,5.049
5.573373991,5.0,5.0,5.049,5.049
5.592390266000001,5.0,5.0,4.768,5.189
5.595521373,5.0,5.0,4.909,5.189
5.598408165,5.0,5.0,4.909,5.049
5.611929493000001,5.0,5.0,4.768,5.049
5.63273983,5.0,5.0,4.768,5.049
5.6352831420000005,5.0,5.0,4.909,5.049
5.637476985,5.0,5.0,4.909,5.049
5.652428846,5.0,5.0,4.768,5.049
5.6724020710000005,5.0,5.0,5.049,5.049
5.6741203030000005,5.0,5.0,4.768,5.049
5.676002957000001,5.0,5.0,4.909,5.049
5.692718256,5.0,5.0,4.909,5.049
5.713240476,5.0,5.0,5.049,4.909
5.716774228,5.0,5.0,4.909,5.049
5.720184494000001,5.0,5.0,5.049,5.049
5.731745307000001,5.0,5.0,5.189,4.768
5.753168543,5.0,5.0,5.189,4.909
5.75585633,5.0,5.0,5.049,5.049
5.758671873,5.0,5.0,5.329,4.768
5.772965367,5.0,5.0,5.189,4.909
5.7929498950000005,5.0,5.0,5.189,4.768
5.795369356,5.0,5.0,5.189,4.909
5.797641166,5.0,5.0,5.049,4.768
5.812313346000001,5.0,5.0,5.189,4.909
5.834163549,5.0,5.0,5.049,5.049
5.837845683,5.0,5.0,4.909,4.909
5.841561252,5.0,5.0,4.909,5.049
5.852388961,5.0,5.0,5.049,5.049
5.8718717840000005,5.0,5.0,4.909,5.049
5.873487154,5.0,5.0,4.909,5.189
5.892464836,5.0,5.0,4.909,5.049
5.89459467,5.0,5.0,4.909,5.049
5.896838303,5.0,5.0,4.909,5.049
5.912482643000001,5.0,5.0,5.049,5.189
5.934036396000001,5.0,5.0,5.049,5.049
5.937639470000001,5.0,5.0,4.768,5.049
5.941418683,5.0,5.0,4.909,5.049
5.952597111,5.0,5.0,5.049,5.049
5.972067486,5.0,5.0,4.768,5.049
5.973924985,5.0,5.0,4.909,5.049
5.99224654,5.0,5.0,5.049,5.049
5.995203173,5.0,5.0,4.909,5.049
5.998172827,5.0,5.0,4.909,5.049
6.01180759,5.0,5.0,5.189,5.049
6.034364751,5.0,5.0,5.189,5.049
6.037438933000001,5.0,5.0,5.049,5.189
6.039482729,5.0,5.0,5.189,5.049
6.052541154,5.0,5.0,5.049,5.049
6.072032050000001,5.0,5.0,5.049,5.049
6.073542475,5.0,5.0,5.189,5.189
6.09381163,5.0,5.0,4.909,5.049
6.097461837,5.0,5.0,5.049,5.049
6.100902206000001,5.0,5.0,5.049,5.189
6.111830953,5.0,5.0,5.049,5.049
6.1327748280000005,5.0,5.0,4.909,5.189
6.13588177,5.0,5.0,5.049,5.189
6.138766739,5.0,5.0,4.909,5.189
6.1517605820000005,5.0,5.0,4.909,5.189
6.172483526000001,5.0,5.0,5.049,5.189
6.174269881000001,5.0,5.0,5.049,5.049
6.176099307,5.0,5.0,4.909,5.189
6.192253841,5.0,5.0,4.909,5.049
6.213579528,5.0,5.0,5.049,5.049
6.216567983,5.0,5.0,4.909,5.049
6.218595216000001,5.0,5.0,4.909,5.049
6.2324590870000005,5.0,5.0,5.189,5.049
6.252901518000001,5.0,5.0,4.909,5.189
6.255974398,5.0,5.0,4.909,5.189
6.259247949000001,5.0,5.0,5.049,5.329
6.272767924,5.0,5.0,5.049,5.189
6.292975362,5.0,5.0,5.049,5.189
6.295391282000001,5.0,5.0,5.189,5.049
6.2976602260000005,5.0,5.0,5.189,5.049
6.312473393,5.0,5.0,5.049,5.049
6.332726610000001,5.0,5.0,5.049,4.909
6.335772825,5.0,5.0,5.049,4.909
6.338660450000001,5.0,5.0,4.909,5.049
6.351766530000001,5.0,5.0,5.049,4.909
6.372163181,5.0,5.0,4.909,4.909
6.374008388,5.0,5.0,4.909,4.909
6.392813418,5.0,5.0,5.049,4.909
6.395754531000001,5.0,5.0,5.049,4.909
6.398260553,5.0,5.0,5.049,4.909
6.411785006000001,5.0,5.0,5.049,4.909
6.4330991310000005,5.0,5.0,5.049,4.909
6.435891602000001,5.0,5.0,4.909,4.909
6.4379961770000005,5.0,5.0,4.909,5.049
6.4524370620000004,5.0,5.0,5.189,4.909
6.472088318000001,5.0,5.0,4.909,4.909
6.473882121000001,5.0,5.0,5.049,5.049
6.49326354,5.0,5.0,5.049,4.909
6.496917862,5.0,5.0,5.049,5.049
6.50030391,5.0,5.0,5.049,4.909
6.511738892,5.0,5.0,5.189,4.768
6.532871927,5.0,5.0,5.189,4.488
6.536014649,5.0,5.0,5.329,4.628
6.538871962,5.0,5.0,5.47,4.488
6.55174909,5.0,5.0,5.189,4.488
6.572327037,5.0,5.0,5.189,4.628
6.573923450000001,5.0,5.0,5.049,4.909
6.592367500000001,5.0,5.0,5.049,4.768
6.595196273,5.0,5.0,4.768,5.049
6.598184624000001,5.0,5.0,4.909,5.049
6.611800533,5.0,5.0,4.909,5.049
6.632788885,5.0,5.0,4.628,5.189
6.635484588000001,5.0,5.0,4.909,5.329
6.638062326,5.0,5.0,4.768,5.189
6.651954893,5.0,5.0,4.768,5.049
6.672852935000001,5.0,5.0,4.909,5.189
6.674591948000001,5.0,5.0,4.909,4.909
6.692960115,5.0,5.0,4.909,5.049
6.696190647000001,5.0,5.0,4.909,5.049
6.699072022,5.0,5.0,5.049,4.909
6.711787019000001,5.0,5.0,4.768,4.909
6.7328204220000005,5.0,5.0,5.049,4.909
6.735919186,5.0,5.0,5.049,4.909
6.7387844160000006,5.0,5.0,4.909,4.909
6.751900287000001,5.0,5.0,4.909,4.909
6.772031216,5.0,5.0,5.049,4.909
6.773834706000001,5.0,5.0,5.049,4.909
6.793338257,5.0,5.0,5.049,4.909
6.796005367,5.0,5.0,5.049,4.768
6.798129785,5.0,5.0,5.189,4.909
6.8124940050000005,5.0,5.0,4.909,4.909
6.8339606250000005,5.0,5.0,5.189,4.909
6.837596874000001,5.0,5.0,5.049,4.768
6.8409307880000005,5.0,5.0,5.049,4.909
6.851831098000001,5.0,5.0,5.049,4.909
6.8719918700000004,5.0,5.0,5.049,4.909
6.873758121000001,5.0,5.0,4.909,5.049
6.892788457000001,5.0,5.0,4.909,5.049
6.895142712,5.0,5.0,4.909,5.049
6.89740499,5.0,5.0,4.768,4.909
6.912505856,5.0,5.0,4.909,5.049
6.933734670000001,5.0,5.0,4.909,5.049
6.936771769000001,5.0,5.0,4.768,4.909
6.939893502,5.0,5.0,5.049,5.049
6.952591000000001,5.0,5.0,5.049,4.909
6.971963982,5.0,5.0,4.909,4.909
6.973716639,5.0,5.0,4.909,5.049
6.992757808,5.0,5.0,5.049,5.049
6.995253413,5.0,5.0,4.909,5.049
6.9981731730000005,5.0,5.0,4.768,5.189
7.011922098,5.0,5.0,4.909,5.049
7.034127655000001,5.0,5.0,4.909,5.049
7.037050747,5.0,5.0,4.909,5.049
7.0390641270000005,5.0,5.0,4.909,5.189
7.052022763,5.0,5.0,5.049,5.049
7.072081610000001,5.0,5.0,4.909,5.049
7.073881610000001,5.0,5.0,4.909,5.189
7.093574166000001,5.0,5.0,5.189,4.909
7.096739179,5.0,5.0,4.909,5.049
7.099858881,5.0,5.0,4.909,5.049
7.112580857,5.0,5.0,5.189,5.049
7.132633298,5.0,5.0,4.909,5.049
7.135488476000001,5.0,5.0,4.909,5.049
7.138137514,5.0,5.0,5.049,5.049
7.1517840470000005,5.0,5.0,5.049,4.909
7.172982445000001,5.0,5.0,4.909,5.049
7.17496645,5.0,5.0,5.049,5.049
7.177009777,5.0,5.0,4.909,4.909
7.1922515240000005,5.0,5.0,4.909,5.049
7.214179849000001,5.0,5.0,5.049,4.909
7.217718861000001,5.0,5.0,5.049,5.049
7.21979052,5.0,5.0,4.909,5.049
7.232487497,5.0,5.0,5.049,5.049
7.252423119,5.0,5.0,4.909,5.049
7.255071428000001,5.0,5.0,4.768,5.049
7.257800828000001,5.0,5.0,5.049,5.049
7.272494675000001,5.0,5.0,5.049,5.049
7.293249023,5.0,5.0,4.909,5.189
7.296029932000001,5.0,5.0,4.909,5.049
7.298517829000001,5.0,5.0,5.189,5.049
7.311957753000001,5.0,5.0,4.909,5.049
7.334143414000001,5.0,5.0,5.049,5.189
7.337065413,5.0,5.0,5.049,5.049
7.339074470000001,5.0,5.0,5.049,5.049
7.3524667390000005,5.0,5.0,4.909,5.189
7.372126328,5.0,5.0,5.049,5.049
7.37397992,5.0,5.0,5.189,5.189
7.392505947,5.0,5.0,5.049,5.189
7.395106653,5.0,5.0,5.049,5.189
7.397699599,5.0,5.0,5.189,5.189
7.4119345,5.0,5.0,5.049,5.189
7.432767232000001,5.0,5.0,5.049,5.189
7.435525121,5.0,5.0,5.049,5.049
7.438024893000001,5.0,5.0,4.909,5.189
7.451741371000001,5.0,5.0,5.049,5.189
7.472372234000001,5.0,5.0,5.049,5.049
7.474184421,5.0,5.0,4.909,5.189
7.492750239,5.0,5.0,5.049,5.329
7.495191470000001,5.0,5.0,5.049,5.049
7.497341929,5.0,5.0,4.909,5.189
7.512437065,5.0,5.0,4.909,5.189
7.533768792,5.0,5.0,5.049,5.049
7.536894274000001,5.0,5.0,4.909,5.189
7.538764377000001,5.0,5.0,5.049,5.189
7.552668506000001,5.0,5.0,5.189,5.049
7.571927844,5.0,5.0,4.768,4.909
7.573599046000001,5.0,5.0,4.909,4.909
7.5926977120000005,5.0,5.0,5.049,4.909
7.595298523,5.0,5.0,5.049,4.768
7.597880583,5.0,5.0,4.909,4.909
7.611915282000001,5.0,5.0,5.049,4.768
7.6330706070000005,5.0,5.0,5.049,4.909
7.635821101,5.0,5.0,4.909,4.909
7.638374933000001,5.0,5.0,4.909,4.909
7.651743765000001,5.0,5.0,5.049,5.049
7.672957214,5.0,5.0,4.909,5.049
7.6751332450000005,5.0,5.0,5.049,4.909
7.676786062000001,5.0,5.0,5.049,5.049
7.692467848000001,5.0,5.0,5.049,4.909
7.714169824000001,5.0,5.0,5.189,5.049
7.717680191,5.0,5.0,5.189,4.909
7.721319565000001,5.0,5.0,5.189,4.909
7.732390287,5.0,5.0,5.189,5.049
7.752474810000001,5.0,5.0,5.189,4.768
7.7549156770000005,5.0,5.0,5.049,4.768
7.7577145540000005,5.0,5.0,5.189,4.909
7.772222364,5.0,5.0,5.049,4.768
7.793268734000001,5.0,5.0,5.049,4.768
7.796004124,5.0,5.0,5.189,4.909
7.798498844000001,5.0,5.0,5.049,4.768
7.811805698000001,5.0,5.0,4.909,4.768
7.833548976,5.0,5.0,5.049,4.909
7.8366426360000006,5.0,5.0,5.189,4.909
7.838706483,5.0,5.0,4.909,4.909
7.852460252,5.0,5.0,5.049,4.909
7.872132131000001,5.0,5.0,5.049,5.049
7.874233632,5.0,5.0,5.049,4.909
7.876176597000001,5.0,5.0,4.909,5.049
7.892228372000001,5.0,5.0,4.909,5.049
7.912790434000001,5.0,5.0,4.909,4.909
7.915503376,5.0,5.0,4.768,4.909
7.918034761,5.0,5.0,4.909,5.049
7.931907120000001,5.0,5.0,4.909,4.909
7.953042863,5.0,5.0,4.768,4.909
7.9557650760000005,5.0,5.0,4.909,5.049
7.958588120000001,5.0,5.0,4.909,4.768
7.97162519,5.0,5.0,4.768,4.909
7.993531328,5.0,5.0,4.909,4.909
7.996160627,5.0,5.0,5.049,4.909
7.998355824000001,5.0,5.0,4.909,4.768
8.012014335,5.0,5.0,5.049,4.909
8.033756050000001,5.0,5.0,5.049,4.909
8.037069391000001,5.0,5.0,5.049,4.909
8.039262922,5.0,5.0,4.909,4.909
8.052417125,5.0,5.0,5.189,5.049
8.072488211000001,5.0,5.0,5.049,4.909
8.074163787,5.0,5.0,4.909,4.909
8.093712441000001,5.0,5.0,5.049,5.049
8.096740895,5.0,5.0,5.189,4.768
8.099862471,5.0,5.0,4.909,5.049
8.112747359,5.0,5.0,5.049,4.909
8.132483611000001,5.0,5.0,5.049,4.909
8.134904843000001,5.0,5.0,4.909,4.909
8.137459144000001,5.0,5.0,5.049,4.909
8.151884560000001,5.0,5.0,5.049,5.049
8.172749061000001,5.0,5.0,4.909,4.909
8.174612028,5.0,5.0,4.909,5.189
8.176119120000001,5.0,5.0,4.909,4.909
8.192309172,5.0,5.0,4.768,5.049
8.213063364,5.0,5.0,4.909,4.909
8.215757036000001,5.0,5.0,5.049,4.909
8.218259411,5.0,5.0,4.768,5.049
8.231891413000001,5.0,5.0,4.909,4.909
8.253625993,5.0,5.0,5.189,5.049
8.256499295000001,5.0,5.0,4.909,4.909
8.259559519,5.0,5.0,4.909,4.909
8.272879134,5.0,5.0,5.189,5.049
8.293248857,5.0,5.0,5.049,4.909
8.295930290000001,5.0,5.0,5.049,5.049
8.298186631,5.0,5.0,5.189,4.909
8.312484499,5.0,5.0,5.329,4.768
8.332753808,5.0,5.0,5.189,4.768
8.335369306,5.0,5.0,5.329,4.768
8.338110789,5.0,5.0,5.329,4.768
8.351969138000001,5.0,5.0,5.049,4.768
8.372322091000001,5.0,5.0,5.189,5.049
8.37428844,5.0,5.0,4.909,5.189
8.392788009,5.0,5.0,4.909,5.049
8.395155753000001,5.0,5.0,4.909,5.329
8.39744975,5.0,5.0,4.768,5.329
8.412365516000001,5.0,5.0,4.768,5.329
8.434128428000001,5.0,5.0,4.909,5.189
8.437687180000001,5.0,5.0,4.909,5.189
8.441358584000001,5.0,5.0,4.768,5.189
8.452418004,5.0,5.0,4.909,5.189
8.472180817,5.0,5.0,5.049,5.189
8.474080815,5.0,5.0,4.909,5.049
8.475927792,5.0,5.0,4.909,5.049
8.492233675000001,5.0,5.0,5.049,5.049
8.513168329,5.0,5.0,5.049,5.049
8.515757421,5.0,5.0,4.909,5.049
8.517991992,5.0,5.0,5.049,5.049
8.531889975,5.0,5.0,5.189,5.049
8.553510286,5.0,5.0,4.909,5.049
8.556447388,5.0,5.0,5.049,5.049
8.559035855000001,5.0,5.0,5.049,5.049
8.572834518,5.0,5.0,5.049,5.049
8.593701101,5.0,5.0,4.909,5.049
8.596763044000001,5.0,5.0,5.189,5.049
8.59990587,5.0,5.0,4.909,5.049
8.612605658,5.0,5.0,5.049,5.189
8.632472739,5.0,5.0,5.189,5.049
8.634697935,5.0,5.0,4.909,5.189
8.637188332000001,5.0,5.0,5.189,5.189
8.652257114000001,5.0,5.0,5.049,5.189
8.672394187,5.0,5.0,4.909,5.049
8.674144658000001,5.0,5.0,5.049,5.189
8.69391721,5.0,5.0,5.049,5.189
8.697557313,5.0,5.0,4.768,5.049
8.700977891,5.0,5.0,4.909,5.329
8.711714872,5.0,5.0,4.909,5.049
8.733508928000001,5.0,5.0,4.768,5.189
8.736398115,5.0,5.0,4.909,5.189
8.738450139000001,5.0,5.0,5.049,5.049
8.752464213,5.0,5.0,4.909,5.189
8.773038721,5.0,5.0,4.909,5.189
8.775231158,5.0,5.0,5.049,5.189
8.777002096,5.0,5.0,5.049,5.049
8.79224978,5.0,5.0,4.909,5.189
8.814236018,5.0,5.0,5.049,5.049
8.817774978000001,5.0,5.0,5.189,5.049
8.820736351,5.0,5.0,5.049,5.049
8.832669703,5.0,5.0,5.189,5.189
8.852480744000001,5.0,5.0,5.189,5.049
8.85461188,5.0,5.0,5.049,5.049
8.872372668,5.0,5.0,5.049,5.049
8.87390528,5.0,5.0,5.189,5.049
8.893182794000001,5.0,5.0,5.049,4.909
8.895909434,5.0,5.0,5.049,4.909
8.897961198,5.0,5.0,5.049,4.909
8.912312345,5.0,5.0,5.049,4.768
8.933895418,5.0,5.0,5.049,4.909
8.937477241,5.0,5.0,5.189,4.909
8.940873966,5.0,5.0,4.909,4.768
8.951750317,5.0,5.0,5.049,4.909
8.971959472,5.0,5.0,5.049,4.909
8.973721921000001,5.0,5.0,5.049,4.909
8.993102610000001,5.0,5.0,5.049,4.909
8.995854978,5.0,5.0,5.049,4.909
8.997938043000001,5.0,5.0,5.049,4.909
9.012444654000001,5.0,5.0,4.909,4.909
9.032758909,5.0,5.0,5.049,4.909
9.035130976000001,5.0,5.0,4.909,4.909
9.037416327,5.0,5.0,4.909,4.909
9.052046267,5.0,5.0,5.049,4.909
9.072091937,5.0,5.0,4.909,4.909
9.073866677,5.0,5.0,4.909,4.909
9.093679541,5.0,5.0,4.909,5.049
9.097315530000001,5.0,5.0,5.049,4.768
9.099395626,5.0,5.0,4.909,4.909
9.112216504000001,5.0,5.0,4.909,5.049
9.132732577,5.0,5.0,5.049,4.768
9.135216463,5.0,5.0,5.049,4.628
9.137514522,5.0,5.0,5.189,4.768
9.152104568,5.0,5.0,5.329,4.488
9.172702409000001,5.0,5.0,5.189,4.488
9.174447827,5.0,5.0,5.049,4.628
9.176432614000001,5.0,5.0,5.189,4.768
9.192756985,5.0,5.0,4.909,4.768
9.213564924,5.0,5.0,4.909,5.049
9.216712020000001,5.0,5.0,4.768,5.049
9.219847190000001,5.0,5.0,4.909,5.189
9.232582342,5.0,5.0,4.768,5.049
9.252454735,5.0,5.0,4.909,5.189
9.254633683,5.0,5.0,4.768,5.049
9.257058508,5.0,5.0,4.768,4.909
9.272154425,5.0,5.0,4.909,5.049
9.29373604,5.0,5.0,4.909,4.909
9.296805535,5.0,5.0,4.909,4.909
9.299949246,5.0,5.0,4.909,5.049
9.312618254,5.0,5.0,5.049,4.909
9.332445128,5.0,5.0,5.049,4.909
9.334588711,5.0,5.0,5.049,5.049
9.336904842000001,5.0,5.0,5.189,5.049
9.352239034,5.0,5.0,4.909,5.049
9.372690056,5.0,5.0,5.049,5.049
9.374460161,5.0,5.0,5.189,5.049
9.393262273000001,5.0,5.0,4.909,4.909
9.39607365,5.0,5.0,5.049,5.049
9.39815359,5.0,5.0,5.189,5.049
9.41247229,5.0,5.0,5.049,4.909
9.433880888000001,5.0,5.0,5.049,4.909
9.437426359,5.0,5.0,5.049,5.049
9.440860843000001,5.0,5.0,5.049,5.049
9.451722143000001,5.0,5.0,4.909,4.909
9.471949786,5.0,5.0,4.909,5.189
9.474173888000001,5.0,5.0,5.049,4.909
9.476335336,5.0,5.0,4.768,5.049
9.492694081,5.0,5.0,4.909,5.049
9.513900342000001,5.0,5.0,4.909,4.909
9.517555392,5.0,5.0,4.768,5.049
9.520934669,5.0,5.0,4.909,4.909
9.531695086000001,5.0,5.0,5.049,4.909
9.554185215,5.0,5.0,4.768,4.909
9.556906907,5.0,5.0,5.049,5.049
9.559220747000001,5.0,5.0,5.049,5.049
9.572143653000001,5.0,5.0,4.909,4.909
9.594098069000001,5.0,5.0,5.049,5.049
9.597390057,5.0,5.0,5.049,5.049
9.599486663,5.0,5.0,5.049,5.049
9.612233012,5.0,5.0,4.909,5.189
9.633769419,5.0,5.0,5.049,5.049
9.636937504,5.0,5.0,5.049,5.049
9.639870805000001,5.0,5.0,5.049,5.049
9.651751189,5.0,5.0,5.049,4.909
9.672051799,5.0,5.0,5.049,5.049
9.673799821000001,5.0,5.0,4.909,5.049
9.693103793,5.0,5.0,5.049,5.049
9.695939023000001,5.0,5.0,4.909,4.909
9.698059014,5.0,5.0,4.909,5.049
9.712255373000001,5.0,5.0,5.049,5.189
9.734072813000001,5.0,5.0,5.049,4.909
9.737954628,5.0,5.0,4.909,5.049
9.740194355,5.0,5.0,5.049,5.049
9.752658629,5.0,5.0,5.049,5.049
9.771919685,5.0,5.0,4.909,5.049
9.774040822,5.0,5.0,5.049,4.909
9.775984307,5.0,5.0,5.049,5.049
9.792434247000001,5.0,5.0,4.909,5.049
9.81353676,5.0,5.0,4.909,5.189
9.816337356,5.0,5.0,5.189,5.049
9.818357610000001,5.0,5.0,5.049,5.049
9.832017578,5.0,5.0,5.049,5.049
9.8541848,5.0,5.0,5.189,5.049
9.857192317,5.0,5.0,5.189,5.049
9.859656308,5.0,5.0,5.049,5.189
9.872576923,5.0,5.0,5.329,5.049
9.893813600000001,5.0,5.0,5.189,5.189
9.896581019000001,5.0,5.0,5.189,5.189
9.898443622,5.0,5.0,5.049,5.049
9.912238899,5.0,5.0,5.189,5.189
9.934068787000001,5.0,5.0,5.049,5.189
9.937544207,5.0,5.0,4.909,5.189
9.93945061,5.0,5.0,4.909,5.189
9.952437265,5.0,5.0,4.909,5.189
9.971734726000001,5.0,5.0,4.768,5.189
9.973236297000001,5.0,5.0,4.909,5.049
9.994170899,5.0,5.0,4.768,5.189
9.99770163,5.0,5.0,4.909,5.049
10.00103471,5.0,5.0,4.909,5.049
10.011744087,5.0,5.0,4.909,5.049
10.03412698,5.0,5.0,4.909,5.189
10.037085332,5.0,5.0,5.049,5.189
10.039131158,5.0,5.0,5.049,5.189
10.052095157,5.0,5.0,4.909,5.049
10.071832658,5.0,5.0,5.189,5.189
10.073428289,5.0,5.0,4.909,5.049
10.093555049,5.0,5.0,5.049,5.189
10.097235932,5.0,5.0,5.049,5.049
10.100631823,5.0,5.0,4.909,5.049
10.111745563000001,5.0,5.0,4.768,4.909
10.134112207000001,5.0,5.0,4.909,4.909
10.137030455000001,5.0,5.0,4.909,4.909
10.139054199,5.0,5.0,4.768,4.909
10.152223557000001,5.0,5.0,4.909,4.768
10.172108137,5.0,5.0,5.049,4.768
10.173839232,5.0,5.0,5.049,5.049
10.194090051,5.0,5.0,4.909,4.909
10.197735362000001,5.0,5.0,5.189,4.768
10.201320831,5.0,5.0,5.049,5.049
10.212519517,5.0,5.0,5.049,4.909
10.232679662,5.0,5.0,5.329,4.909
10.235023917000001,5.0,5.0,5.049,4.909
10.237228332,5.0,5.0,5.189,5.049
10.252759913,5.0,5.0,5.189,5.049
10.27220435,5.0,5.0,5.049,4.768
10.274066952,5.0,5.0,5.049,5.049
10.27624892,5.0,5.0,5.049,5.049
10.292712297000001,5.0,5.0,5.049,4.768
10.314142196,5.0,5.0,4.909,5.049
10.317816829,5.0,5.0,5.049,5.049
10.321280219,5.0,5.0,5.049,4.909
10.332635202,5.0,5.0,4.909,4.909
10.352659517000001,5.0,5.0,5.049,5.189
10.354988096000001,5.0,5.0,5.049,4.909
10.357396776,5.0,5.0,4.768,4.909
10.372568211,5.0,5.0,5.049,5.049
10.393689682,5.0,5.0,5.049,4.909
10.396843549000002,5.0,5.0,4.909,4.909
10.399031246,5.0,5.0,4.909,5.049
10.412451742,5.0,5.0,5.049,4.909
10.43271704,5.0,5.0,4.909,4.768
10.435046869,5.0,5.0,4.909,4.909
10.437293731,5.0,5.0,5.049,4.768
10.452388137,5.0,5.0,4.909,4.909
10.472238499000001,5.0,5.0,4.909,4.909
10.473974438,5.0,5.0,5.049,4.768
10.493690064,5.0,5.0,4.768,4.909
10.496865806,5.0,5.0,5.049,4.909
10.500000038000001,5.0,5.0,4.909,4.768
10.512930808,5.0,5.0,4.909,4.909
10.532542739,5.0,5.0,4.909,4.909
10.535768583000001,5.0,5.0,4.909,4.768
10.538685165,5.0,5.0,4.909,4.909
10.551759629000001,5.0,5.0,4.909,4.909
10.572859694,5.0,5.0,5.049,4.909
10.574670839000001,5.0,5.0,5.049,4.768
10.576446725,5.0,5.0,4.909,4.909
10.592703962,5.0,5.0,5.049,4.768
10.613581273000001,5.0,5.0,5.189,4.909
10.616797221,5.0,5.0,5.049,4.768
10.618975439000002,5.0,5.0,5.049,4.909
10.632434163000001,5.0,5.0,5.189,4.768
10.652721126000001,5.0,5.0,4.909,4.909
10.655051632000001,5.0,5.0,4.909,4.909
10.657453802000001,5.0,5.0,5.049,5.049
10.672097335,5.0,5.0,4.909,4.909
10.693640043,5.0,5.0,5.049,5.049
10.696741880000001,5.0,5.0,5.189,5.049
10.698881401000001,5.0,5.0,4.909,5.049
10.712444549,5.0,5.0,5.049,5.049
10.733875438,5.0,5.0,5.329,5.049
10.737544863,5.0,5.0,4.909,5.049
10.741023616000001,5.0,5.0,5.049,5.049
10.751777106,5.0,5.0,5.189,5.189
10.771978030000001,5.0,5.0,5.049,4.909
10.773698501,5.0,5.0,5.049,5.189
10.79304471,5.0,5.0,5.049,5.049
10.795761507,5.0,5.0,5.049,5.049
10.797975036,5.0,5.0,4.909,5.049
10.812460293000001,5.0,5.0,5.189,5.049
10.83415008,5.0,5.0,5.049,4.909
10.837852785,5.0,5.0,4.909,5.049
10.839723095,5.0,5.0,5.189,5.049
10.852397832000001,5.0,5.0,5.049,5.049
10.871746333,5.0,5.0,4.909,5.049
10.873246810000001,5.0,5.0,4.909,5.189
10.893674811,5.0,5.0,5.049,5.049
10.897300539000002,5.0,5.0,4.909,5.049
10.900677889,5.0,5.0,4.909,5.049
10.911823815,5.0,5.0,5.049,5.049
10.934109106000001,5.0,5.0,4.909,4.909
10.93759088,5.0,5.0,4.768,5.049
10.939700142000001,5.0,5.0,5.049,5.189
10.952234049000001,5.0,5.0,4.909,5.049
10.971869729000002,5.0,5.0,4.909,5.049
10.973476505,5.0,5.0,5.049,5.189
10.993768521000002,5.0,5.0,5.049,5.049
10.997355604000001,5.0,5.0,4.768,5.049
11.000779203,5.0,5.0,5.049,5.049
11.011741801000001,5.0,5.0,4.909,5.049
11.034133183000002,5.0,5.0,4.909,5.189
11.037630425000001,5.0,5.0,5.049,5.049
11.039815101,5.0,5.0,4.909,5.049
11.052027715000001,5.0,5.0,4.909,5.049
11.071825422,5.0,5.0,5.049,5.049
11.073442979000001,5.0,5.0,5.189,4.909
11.094409298,5.0,5.0,4.909,5.049
11.097957685,5.0,5.0,5.049,5.189
11.101552112,5.0,5.0,5.049,5.049
11.112404609,5.0,5.0,4.909,5.049
11.132700739,5.0,5.0,5.049,5.189
11.135111815,5.0,5.0,5.049,5.049
11.137348469,5.0,5.0,4.909,5.189
11.152412198,5.0,5.0,4.909,5.049
11.172004025000001,5.0,5.0,5.049,5.189
11.173793348,5.0,5.0,4.909,5.049
11.194117290000001,5.0,5.0,4.768,5.189
11.197360581,5.0,5.0,4.909,5.049
11.199558538000002,5.0,5.0,4.909,5.049
11.212533005000001,5.0,5.0,4.768,5.189
11.232730909,5.0,5.0,4.909,5.049
11.235161880000001,5.0,5.0,4.909,4.909
11.23734364,5.0,5.0,4.909,5.049
11.252418254,5.0,5.0,5.049,5.189
11.271887012,5.0,5.0,5.189,5.049
11.273470872,5.0,5.0,5.049,5.049
11.294297768,5.0,5.0,5.189,5.189
11.297901153000002,5.0,5.0,5.189,5.189
11.299786619,5.0,5.0,5.049,5.189
11.312205998000001,5.0,5.0,5.189,5.189
11.33422187,5.0,5.0,5.189,5.049
11.338038113000001,5.0,5.0,5.049,5.049
11.340399243,5.0,5.0,5.049,5.049
11.352499204,5.0,5.0,5.049,5.049
11.372064938000001,5.0,5.0,5.049,5.049
11.374121649000001,5.0,5.0,4.909,5.049
11.392697933,5.0,5.0,5.189,4.909
11.395037501000001,5.0,5.0,5.049,4.909
11.397233635000001,5.0,5.0,4.909,4.909
11.412442308000001,5.0,5.0,5.189,4.909
11.434108502,5.0,5.0,5.049,4.768
11.437605484,5.0,5.0,4.909,4.909
11.439494596000001,5.0,5.0,5.189,4.909
11.452147354000001,5.0,5.0,5.189,4.909
11.471952664000002,5.0,5.0,5.049,4.909
11.473603294,5.0,5.0,5.049,5.049
11.494403002,5.0,5.0,5.189,4.909
11.497984409,5.0,5.0,4.909,4.909
11.500067473000001,5.0,5.0,5.049,5.049
11.512449041,5.0,5.0,5.049,5.049
11.532690588000001,5.0,5.0,4.909,4.909
11.535033905,5.0,5.0,4.909,5.049
11.537230716,5.0,5.0,5.049,5.049
11.552422775,5.0,5.0,4.909,4.909
11.572435996000001,5.0,5.0,5.049,5.049
11.574223704000001,5.0,5.0,5.049,4.768
11.576205417,5.0,5.0,4.909,4.768
11.592712646,5.0,5.0,5.049,5.049
11.614094681000001,5.0,5.0,5.049,4.768
11.617848374000001,5.0,5.0,4.909,4.909
11.619757850000001,5.0,5.0,4.909,4.909
11.632410295000001,5.0,5.0,5.049,5.049
11.653914774,5.0,5.0,5.049,4.768
11.657713622000001,5.0,5.0,5.049,5.049
11.661627467,5.0,5.0,5.189,5.049
11.672875213000001,5.0,5.0,5.049,4.768
11.692667867,5.0,5.0,5.049,4.909
11.695038059000002,5.0,5.0,5.049,5.049
11.697203881,5.0,5.0,4.909,4.909
11.712452084,5.0,5.0,4.909,4.909
11.733595272,5.0,5.0,4.909,4.909
11.736823147,5.0,5.0,4.909,4.768
11.739094279000001,5.0,5.0,4.909,4.909
11.75242686,5.0,5.0,5.049,4.768
11.772342688,5.0,5.0,4.909,4.768
11.773834624000001,5.0,5.0,4.909,4.909
11.793950602,5.0,5.0,4.909,4.909
11.797644765000001,5.0,5.0,4.909,4.768
11.801015188000001,5.0,5.0,4.909,4.909
11.811731075,5.0,5.0,4.768,4.768
11.834081728000001,5.0,5.0,5.049,4.909
11.836981175,5.0,5.0,4.909,4.909
11.839031115000001,5.0,5.0,4.768,4.909
11.852048966,5.0,5.0,5.049,5.049
11.872143486,5.0,5.0,4.909,5.049
11.873854218,5.0,5.0,4.909,5.049
11.875997801,5.0,5.0,4.909,4.909
11.893064233,5.0,5.0,5.049,5.049
11.914104767000001,5.0,5.0,4.909,4.909
11.917734766,5.0,5.0,5.049,5.049
11.919750749,5.0,5.0,5.049,4.909
11.932420381,5.0,5.0,5.049,4.909
11.953849133,5.0,5.0,5.189,4.909
11.957668033000001,5.0,5.0,5.049,4.909
11.961550212,5.0,5.0,5.049,5.049
11.973228258,5.0,5.0,5.049,5.049
11.99289128,5.0,5.0,5.049,4.909
11.995204807,5.0,5.0,4.768,5.049
11.997345213000001,5.0,5.0,4.909,5.049
12.012437379000001,5.0,5.0,5.049,5.049
12.034071126,5.0,5.0,4.909,5.049
12.037683677,5.0,5.0,4.909,5.049
12.039551539000001,5.0,5.0,5.049,4.909
12.052454133000001,5.0,5.0,4.909,5.049
12.072170071,5.0,5.0,4.909,5.049
12.073675652,5.0,5.0,5.189,5.189
12.094071153000002,5.0,5.0,5.049,5.049
12.097593291,5.0,5.0,5.049,5.189
12.101067617,5.0,5.0,5.049,5.189
12.112655717,5.0,5.0,5.189,5.049
12.132675396000002,5.0,5.0,4.909,5.049
12.135001475000001,5.0,5.0,5.049,5.049
12.137151256000001,5.0,5.0,5.049,5.049
12.152392323,5.0,5.0,4.909,5.049
12.17199566,5.0,5.0,5.049,5.049
12.173586343,5.0,5.0,5.049,5.049
12.194002573,5.0,5.0,4.768,5.049
12.197526273000001,5.0,5.0,4.909,5.189
12.200097396,5.0,5.0,4.909,5.049
12.212385320000001,5.0,5.0,4.768,5.049
12.23385329,5.0,5.0,4.768,5.049
12.237489226000001,5.0,5.0,5.049,5.049
12.240828712,5.0,5.0,4.768,4.909
12.251736937,5.0,5.0,4.768,5.049
12.272172021000001,5.0,5.0,5.049,5.049
12.274454611000001,5.0,5.0,5.049,5.049
12.276728867000001,5.0,5.0,4.909,4.909
12.292676529000001,5.0,5.0,5.189,5.049
12.3141858,5.0,5.0,5.189,5.049
12.317620388,5.0,5.0,5.049,5.049
12.320298331,5.0,5.0,5.189,5.049
12.332617817000001,5.0,5.0,5.189,5.049
12.352669161000001,5.0,5.0,5.049,5.049
12.355075029,5.0,5.0,5.049,5.049
12.357366889000001,5.0,5.0,5.049,5.049
12.372221510000001,5.0,5.0,5.049,5.189
12.393708438,5.0,5.0,4.909,5.189
12.396780327,5.0,5.0,5.189,5.049
12.399124634000001,5.0,5.0,4.909,5.189
12.412434456000002,5.0,5.0,5.049,5.049
12.434146273000001,5.0,5.0,5.189,5.189
12.437782574000002,5.0,5.0,5.049,5.049
12.43979314,5.0,5.0,5.049,5.189
12.452434700000001,5.0,5.0,5.049,5.189
12.472101368,5.0,5.0,4.909,5.049
12.473588044000001,5.0,5.0,5.049,5.189
12.494301713,5.0,5.0,5.049,5.049
12.497942232000002,5.0,5.0,4.768,5.049
12.500320809000002,5.0,5.0,4.909,5.189
12.512683991000001,5.0,5.0,5.049,5.189
12.533895978,5.0,5.0,4.768,5.189
12.537567902000001,5.0,5.0,4.768,5.189
12.541025614,5.0,5.0,4.909,5.329
12.55171848,5.0,5.0,4.909,5.189
12.572193666,5.0,5.0,4.768,5.189
12.574687239000001,5.0,5.0,5.049,5.189
12.576794314,5.0,5.0,5.049,5.049
12.592680518000002,5.0,5.0,4.909,5.049
12.614086406,5.0,5.0,5.049,4.909
12.617592346,5.0,5.0,5.329,4.909
12.620343568000001,5.0,5.0,5.049,4.909
12.632652897000002,5.0,5.0,5.049,4.909
12.653718951,5.0,5.0,5.189,4.768
12.657291139000002,5.0,5.0,5.189,4.768
12.661082591000001,5.0,5.0,5.049,4.909
12.672827666000002,5.0,5.0,5.189,4.768
12.692686932,5.0,5.0,5.049,4.909
12.694981553000002,5.0,5.0,5.049,4.909
12.697197895,5.0,5.0,5.189,5.049
12.712696559000001,5.0,5.0,4.909,4.909
12.734048594,5.0,5.0,5.049,5.049
12.737676874,5.0,5.0,5.049,5.049
12.740477782000001,5.0,5.0,5.049,5.049
12.752463996000001,5.0,5.0,4.909,4.909
12.772198526,5.0,5.0,5.049,5.049
12.773714107,5.0,5.0,5.049,4.909
12.794135857,5.0,5.0,4.909,4.909
12.797712159000001,5.0,5.0,4.909,4.909
12.801279138,5.0,5.0,5.049,4.909
12.811745449,5.0,5.0,4.768,4.909
12.834224014,5.0,5.0,5.049,4.909
12.837640581,5.0,5.0,4.909,4.768
12.839747915,5.0,5.0,4.909,4.909
12.852214636000001,5.0,5.0,5.049,5.049
12.872438319,5.0,5.0,5.049,4.768
12.873949994,5.0,5.0,4.909,4.909
12.89422732,5.0,5.0,5.049,5.049
12.897883308,5.0,5.0,5.049,4.909
12.901520129000001,5.0,5.0,4.909,4.768
12.912443926000002,5.0,5.0,4.909,5.049
12.932687296000001,5.0,5.0,5.049,4.909
12.93508358,5.0,5.0,4.909,4.768
12.937267475,5.0,5.0,5.049,5.049
12.952703745,5.0,5.0,5.049,4.909
12.971873864,5.0,5.0,5.049,4.909
12.973380122,5.0,5.0,5.189,4.909
12.994361596000001,5.0,5.0,5.049,5.049
12.997813110000001,5.0,5.0,5.049,4.768
13.001021454,5.0,5.0,5.049,4.909
13.012598253,5.0,5.0,5.189,4.909
13.032675898,5.0,5.0,5.049,4.909
13.035025361,5.0,5.0,4.909,4.909
13.037164153,5.0,5.0,4.909,4.909
13.052402876,5.0,5.0,5.049,4.768
13.072217508000001,5.0,5.0,4.768,4.909
13.073804441,5.0,5.0,5.049,4.909
13.093497827,5.0,5.0,5.049,4.909
13.096649766,5.0,5.0,4.768,4.909
13.099379479000001,5.0,5.0,4.909,5.049
13.112717216,5.0,5.0,5.049,4.909
13.133866705,5.0,5.0,4.909,4.909
13.137530869,5.0,5.0,4.909,5.049
13.140966915000002,5.0,5.0,5.049,4.909
13.152685272000001,5.0,5.0,4.909,5.049
13.17213356,5.0,5.0,5.049,5.049
13.173965382,5.0,5.0,5.049,5.049
13.192935924,5.0,5.0,4.909,5.189
13.195269398,5.0,5.0,4.909,5.049
13.197398555000001,5.0,5.0,5.049,5.049
13.21225255,5.0,5.0,4.909,4.909
13.234116966,5.0,5.0,4.909,5.049
13.237673685,5.0,5.0,4.909,4.909
13.240148561000002,5.0,5.0,5.049,4.768
13.252433465000001,5.0,5.0,4.909,4.909
13.271822484000001,5.0,5.0,5.049,4.909
13.273327388,5.0,5.0,5.189,4.909
13.293627787,5.0,5.0,4.909,4.909
13.297685794000001,5.0,5.0,5.049,4.909
13.301912442,5.0,5.0,5.189,4.909
13.312274797,5.0,5.0,4.909,4.909
13.332734619,5.0,5.0,5.049,4.909
13.335066634,5.0,5.0,5.189,4.909
13.337185947,5.0,5.0,4.909,4.909
13.352388161,5.0,5.0,4.909,5.049
13.372103317,5.0,5.0,5.189,4.909
13.373693583000001,5.0,5.0,4.909,5.049
13.393622587000001,5.0,5.0,4.909,4.909
13.396788797000001,5.0,5.0,5.049,5.049
13.399603559,5.0,5.0,5.049,5.049
13.412567244000002,5.0,5.0,4.909,5.049
13.433730483000001,5.0,5.0,5.049,5.189
13.437369648,5.0,5.0,5.189,5.049
13.440810017,5.0,5.0,4.909,5.049
13.451721835,5.0,5.0,4.909,5.189
13.472298945,5.0,5.0,5.049,5.049
13.47400702,5.0,5.0,4.909,4.909
13.493115266,5.0,5.0,5.049,5.189
13.495768314000001,5.0,5.0,5.049,4.909
13.498278553,5.0,5.0,4.909,5.049
13.513306658000001,5.0,5.0,4.909,5.189
13.533189204000001,5.0,5.0,5.049,5.049
13.536529992,5.0,5.0,4.909,5.049
13.539514696000001,5.0,5.0,4.909,5.189
13.551756007000002,5.0,5.0,5.049,5.049
13.573113041000001,5.0,5.0,4.909,5.189
13.575398964000001,5.0,5.0,4.909,5.049
13.577613014,5.0,5.0,5.049,5.189
13.592734918000001,5.0,5.0,4.909,5.049
13.613803106,5.0,5.0,4.909,5.189
13.617282953,5.0,5.0,4.909,5.049
13.62094019,5.0,5.0,5.049,5.189
13.632406731000001,5.0,5.0,4.909,5.189
13.652737285,5.0,5.0,4.909,5.049
13.655134351000001,5.0,5.0,5.189,5.189
13.657548812000002,5.0,5.0,4.768,5.189
13.672125262000002,5.0,5.0,5.049,5.189
13.693787652000001,5.0,5.0,5.049,5.189
13.696846105,5.0,5.0,4.909,5.189
13.699789196000001,5.0,5.0,5.049,5.049
13.712663509,5.0,5.0,5.189,5.189
13.733063384000001,5.0,5.0,5.049,5.049
13.736032724000001,5.0,5.0,4.909,5.189
13.738952952,5.0,5.0,5.189,4.909
13.751758829000002,5.0,5.0,4.909,5.189
13.772494475,5.0,5.0,5.049,5.189
13.774223487,5.0,5.0,5.049,5.049
13.793510999,5.0,5.0,5.049,5.049
13.796644970000001,5.0,5.0,4.909,5.189
13.799607019000002,5.0,5.0,5.049,5.189
13.812449614,5.0,5.0,5.049,5.189
13.83240872,5.0,5.0,4.909,5.189
13.835521078000001,5.0,5.0,5.049,5.049
13.838414066,5.0,5.0,5.049,5.049
13.851762740000002,5.0,5.0,4.909,5.049
13.872868167,5.0,5.0,5.049,4.909
13.874636762000002,5.0,5.0,5.189,4.909
13.876703837,5.0,5.0,5.049,4.909
13.892770921,5.0,5.0,5.049,4.909
13.913836297000001,5.0,5.0,5.189,4.768
13.917345518000001,5.0,5.0,5.049,4.909
13.921099784,5.0,5.0,5.049,4.909
13.932393934,5.0,5.0,5.049,4.768
13.95268777,5.0,5.0,4.909,4.909
13.955088377000001,5.0,5.0,5.049,4.909
13.957840276,5.0,5.0,4.909,5.049
13.972620471,5.0,5.0,4.909,4.909
13.994303433,5.0,5.0,4.909,5.189
13.997971920000001,5.0,5.0,5.049,4.909
14.000661269,5.0,5.0,4.768,5.049
14.012422281000001,5.0,5.0,4.909,5.189
14.03262763,5.0,5.0,5.049,4.909
14.035880504000001,5.0,5.0,4.909,5.049
14.038782607000002,5.0,5.0,4.909,5.049
14.051752698000001,5.0,5.0,5.049,5.049
14.072623601,5.0,5.0,5.049,4.909
14.074330791000001,5.0,5.0,4.909,4.909
14.09326425,5.0,5.0,5.189,4.909
14.095873757000001,5.0,5.0,5.049,4.768
14.098366393000001,5.0,5.0,4.909,4.909
14.112783786000001,5.0,5.0,5.049,4.909
14.133706249000001,5.0,5.0,5.049,4.768
14.137253542000002,5.0,5.0,4.909,5.049
14.140679171,5.0,5.0,4.909,5.049
14.151751661,5.0,5.0,5.049,4.909
14.172334187,5.0,5.0,4.909,5.049
14.174043877,5.0,5.0,5.049,5.049
14.193247901000001,5.0,5.0,5.049,4.909
14.195927511,5.0,5.0,5.049,5.049
14.198159581,5.0,5.0,5.049,5.049
14.212431457000001,5.0,5.0,5.049,4.909
14.233858542,5.0,5.0,5.049,4.768
14.237454739,5.0,5.0,5.049,4.909
14.240938231000001,5.0,5.0,5.049,4.768
14.252262485000001,5.0,5.0,5.049,4.768
14.272170863000001,5.0,5.0,5.049,4.768
14.273965030000001,5.0,5.0,5.189,4.768
14.275537849000001,5.0,5.0,4.909,4.768
14.292433659,5.0,5.0,4.909,4.909
14.313924544,5.0,5.0,5.049,4.909
14.317566573,5.0,5.0,5.049,4.909
14.320969755,5.0,5.0,4.909,5.049
14.332547074,5.0,5.0,4.909,4.909
