time_s,left,right
55.762665472,5.0,5.0
55.86430527,5.0,5.0
55.965727271000006,5.0,5.0
56.06443823,5.0,5.0
56.164648137,5.0,5.0
56.26459941700001,5.0,5.0
56.364187861000005,5.0,5.0
56.464582285000006,5.0,5.0
56.564064174,5.0,5.0
56.664100396,5.0,5.0
56.76434754,5.0,5.0
56.865641374000006,5.0,5.0
56.965447666,5.0,5.0
57.064357828000006,5.0,5.0
57.165297679000005,5.0,5.0
57.264198363000006,5.0,5.0
57.365407048,5.0,5.0
57.46402457600001,5.0,5.0
57.564025124000004,5.0,5.0
57.664456056000006,5.0,5.0
57.764562585,5.0,5.0
57.864822801,5.0,5.0
57.96971735,5.0,5.0
58.069458595,5.0,5.0
58.165210353000006,5.0,5.0
58.264650683000006,5.0,5.0
58.369760268,5.0,5.0
58.46551697300001,5.0,5.0
58.564680554000006,5.0,5.0
58.664667041,5.0,5.0
58.76437709,5.0,5.0
58.865281006000004,5.0,5.0
58.964381571000004,5.0,5.0
59.064003242000005,5.0,5.0
59.164181276,5.0,5.0
59.26421828,5.0,5.0
59.364329393000006,5.0,5.0
59.464691788,5.0,5.0
59.564837273,5.0,5.0
59.66455878000001,5.0,5.0
59.764428921000004,5.0,5.0
59.864258962,5.0,5.0
59.964960811000005,5.0,5.0
60.064796528,5.0,5.0
60.16478119200001,5.0,5.0
60.264518375,5.0,5.0
60.364341437,5.0,5.0
60.464123304000005,5.0,5.0
60.564030890000005,5.0,5.0
60.664648579,5.0,5.0
60.764226816000004,5.0,5.0
60.864524633,5.0,5.0
60.96569675800001,5.0,5.0
61.064824457,5.0,5.0
61.165181957,5.0,5.0
61.270685367000006,5.0,5.0
61.365291691,5.0,5.0
61.465051946,5.0,5.0
61.564266929000006,5.0,5.0
61.664657812,5.0,5.0
61.764594042000006,5.0,5.0
61.86418899700001,5.0,5.0
61.964363230000004,5.0,5.0
62.06468641000001,5.0,5.0
62.164542334000004,5.0,5.0
62.265087216000005,5.0,5.0
62.365016051000005,5.0,5.0
62.464990092,5.0,5.0
62.565391807000005,5.0,5.0
62.665243357,5.0,5.0
62.765646947,5.0,5.0
62.865778163,5.0,5.0
62.964163314000004,5.0,5.0
63.065918104000005,5.0,5.0
63.164819882,5.0,5.0
63.265787440000004,5.0,5.0
63.364778587,5.0,5.0
63.469411595000004,5.0,5.0
63.564700784,5.0,5.0
63.665565694,5.0,5.0
63.76479151,5.0,5.0
63.865954470000005,5.0,5.0
63.964509452,5.0,5.0
64.064905647,5.0,5.0
64.16470845100001,5.0,5.0
64.26518052600001,5.0,5.0
64.36509035200001,5.0,5.0
64.464640727,5.0,5.0
64.564654765,5.0,5.0
64.67055585300001,5.0,5.0
64.765002554,5.0,5.0
64.864685315,5.0,5.0
64.965017922,5.0,5.0
65.065274336,5.0,5.0
65.16469185700001,5.0,5.0
65.264676678,5.0,5.0
65.364842839,5.0,5.0
65.46479235000001,5.0,5.0
65.56442277100001,5.0,5.0
65.66465075,5.0,5.0
65.765076788,5.0,5.0
65.864619559,5.0,5.0
65.965071115,5.0,5.0
66.06525019200001,5.0,5.0
66.16496701300001,5.0,5.0
66.26477960700001,5.0,5.0
66.363985373,5.0,5.0
66.465448988,5.0,5.0
66.565368605,5.0,5.0
66.66545800200001,5.0,5.0
66.77032953300001,5.0,5.0
66.864055873,5.0,5.0
66.96529638,5.0,5.0
67.06420696,5.0,5.0
67.170969858,5.0,5.0
67.265530874,5.0,5.0
67.365550692,5.0,5.0
67.464809579,5.0,5.0
67.57030174100001,5.0,5.0
67.664154634,5.0,5.0
67.764551923,5.0,5.0
67.865380951,5.0,5.0
67.964716655,5.0,5.0
68.064475191,5.0,5.0
68.164294557,5.0,5.0
68.264048875,5.0,5.0
68.36407598400001,5.0,5.0
68.464171734,5.0,5.0
68.56411265300001,5.0,5.0
68.66412898200001,5.0,5.0
68.764359045,5.0,5.0
68.86399582,5.0,5.0
68.964331239,5.0,5.0
69.064331945,5.0,5.0
69.164008561,5.0,5.0
69.26397390400001,5.0,5.0
69.36565203400001,5.0,5.0
69.46441986500001,5.0,5.0
69.564429163,5.0,5.0
69.664650842,5.0,5.0
69.764461509,5.0,5.0
69.86478453400001,5.0,5.0
69.964585099,5.0,5.0
70.065047905,5.0,5.0
70.164649005,5.0,5.0
70.264602683,5.0,5.0
70.364764522,5.0,5.0
70.46405564700001,5.0,5.0
70.56500247800001,5.0,5.0
70.66393144300001,5.0,5.0
70.76472479600001,5.0,5.0
70.870618542,5.0,5.0
70.965623795,5.0,5.0
71.065802508,5.0,5.0
71.16529627300001,5.0,5.0
71.265513056,5.0,5.0
71.365329349,5.0,5.0
71.46465396100001,5.0,5.0
71.56544601200001,5.0,5.0
71.66493404900001,5.0,5.0
71.765247335,5.0,5.0
71.865031859,5.0,5.0
71.96533816600001,5.0,5.0
72.065287782,5.0,5.0
72.165278072,5.0,5.0
72.265011924,5.0,5.0
72.36512230800001,5.0,5.0
72.46514264800001,5.0,5.0
72.56517715400001,5.0,5.0
72.66471049900001,5.0,5.0
72.76497472700001,5.0,5.0
72.86527061800001,5.0,5.0
72.96427280600001,5.0,5.0
73.065215472,5.0,5.0
73.17036828500001,5.0,5.0
73.264384135,5.0,5.0
73.365436375,5.0,5.0
73.46519678700001,5.0,5.0
73.56441463600001,5.0,5.0
73.66548182300001,5.0,5.0
73.765526484,5.0,5.0
73.86528767600001,5.0,5.0
73.965040797,5.0,5.0
74.071438619,5.0,5.0
89.19881629700001,5.0,5.0
89.300888044,5.0,5.0
89.40179732700001,5.0,5.0
89.50100158500001,5.0,5.0
89.600982606,5.0,5.0
89.70113548900001,5.0,5.0
89.80124030200001,5.0,5.0
89.901248092,5.0,5.0
90.001116726,5.0,5.0
90.10109238300001,5.0,5.0
90.20150753700001,5.0,5.0
90.30080704800001,5.0,5.0
90.40174846400001,5.0,5.0
90.501844164,5.0,5.0
90.60123866800001,5.0,5.0
90.70090757700001,5.0,5.0
90.80115357800001,5.0,5.0
90.90158170000001,5.0,5.0
91.00143221,5.0,5.0
91.101676024,5.0,5.0
91.20187781,5.0,5.0
91.301680719,5.0,5.0
91.401393271,5.0,5.0
91.50152860300001,5.0,5.0
91.60135724,5.0,5.0
91.70179531000001,5.0,5.0
91.801245694,5.0,5.0
91.90204467400001,5.0,5.0
92.001771444,5.0,5.0
92.10141707400001,5.0,5.0
92.201797231,5.0,5.0
92.30203167100001,5.0,5.0
92.401680217,5.0,5.0
92.501987411,5.0,5.0
92.60117208700001,5.0,5.0
92.70097687100001,5.0,5.0
92.80147030100001,5.0,5.0
92.90143429300001,5.0,5.0
93.00127975100001,5.0,5.0
93.10143747800001,5.0,5.0
93.20184820600001,5.0,5.0
93.301993433,5.0,5.0
93.401960653,5.0,5.0
93.501707526,5.0,5.0
93.60185155500001,5.0,5.0
93.701478229,5.0,5.0
93.801044958,5.0,5.0
93.901161959,5.0,5.0
94.00139858600001,5.0,5.0
94.101119991,5.0,5.0
94.201100804,5.0,5.0
94.301082503,5.0,5.0
94.40109857300001,5.0,5.0
94.50098871600001,5.0,5.0
94.600986194,5.0,5.0
94.700885451,5.0,5.0
94.800973391,5.0,5.0
94.901401253,5.0,5.0
95.000989544,5.0,5.0
95.100949161,5.0,5.0
95.20060395700001,5.0,5.0
95.30168218600001,5.0,5.0
95.401676488,5.0,5.0
95.501917229,5.0,5.0
95.60090046200001,5.0,5.0
95.70090929300001,5.0,5.0
95.801042386,5.0,5.0
95.900892064,5.0,5.0
96.001916443,5.0,5.0
96.100984513,5.0,5.0
96.20086642700001,5.0,5.0
96.30099795800001,5.0,5.0
96.40112225,5.0,5.0
96.501771449,5.0,5.0
96.60086509,5.0,5.0
96.701097707,5.0,5.0
96.800812655,5.0,5.0
96.901191354,5.0,5.0
97.000909375,5.0,5.0
97.100809673,5.0,5.0
97.201085516,5.0,5.0
97.30172341400001,5.0,5.0
97.40142518600001,5.0,5.0
97.501150237,5.0,5.0
97.60088346500001,5.0,5.0
97.700726945,5.0,5.0
97.800898785,5.0,5.0
97.900985319,5.0,5.0
98.00156832600001,5.0,5.0
98.101263015,5.0,5.0
98.20098613900001,5.0,5.0
98.30183647000001,5.0,5.0
98.40073569900001,5.0,5.0
98.50098893900001,5.0,5.0
98.60157892400001,5.0,5.0
98.70098025,5.0,5.0
98.801043245,5.0,5.0
98.90105593000001,5.0,5.0
99.00164664500001,5.0,5.0
99.10105984500001,5.0,5.0
99.201140546,5.0,5.0
99.301032981,5.0,5.0
99.40096916200001,5.0,5.0
99.501009814,5.0,5.0
99.60153173200001,5.0,5.0
99.700907122,5.0,5.0
99.80126749,5.0,5.0
99.90098900000001,5.0,5.0
100.001097251,5.0,5.0
100.101514021,5.0,5.0
100.20187324300001,5.0,5.0
100.301200616,5.0,5.0
100.40080604100001,5.0,5.0
100.500922157,5.0,5.0
100.601083633,5.0,5.0
100.701173865,5.0,5.0
100.80118795700001,5.0,5.0
100.901440156,5.0,5.0
101.00139503300001,5.0,5.0
101.10090770500001,5.0,5.0
101.20111287600001,5.0,5.0
101.30100848800001,5.0,5.0
101.40126417600001,5.0,5.0
101.50136331300001,5.0,5.0
101.601356261,5.0,5.0
101.70150987400001,5.0,5.0
101.801366477,5.0,5.0
101.90119657300001,5.0,5.0
102.00176322700001,5.0,5.0
102.101172938,5.0,5.0
102.20177396400001,5.0,5.0
102.30161093400001,5.0,5.0
102.401204746,5.0,5.0
102.501324663,5.0,5.0
102.60167638600001,5.0,5.0
102.702102373,5.0,5.0
102.80170295500001,5.0,5.0
102.90148331500001,5.0,5.0
103.002339426,5.0,5.0
